id,title,channelId,publishedAt
vc6vs-l5dkc,Panic! At The Disco: I Write Sins Not Tragedies [OFFICIAL VIDEO],UClVrJwcIy7saPcGc1nct80A,2006-07-18T15:45:25Z
yuFI5KSPAt4,Red Hot Chili Peppers - Snow (Hey Oh) (Official Music Video),UCEuOwB9vSL1oPKGNdONB4ig,2006-12-12T20:21:21Z
0fw3l1z9CUQ,ABC Song with Cute Ending,UCbCmjCuTUZos6Inko4u57UQ,2006-09-02T01:34:53Z
j4y-RzVGrHg,Nickelback - Far Away [OFFICIAL VIDEO],UCRRxSTgPUY0q_YToaczc2BQ,2006-08-18T17:16:21Z
Pgum6OT_VH8,Muse - Starlight [Official Music Video],UCGGhM6XCSJFQ6DTRffnKRIw,2006-12-01T12:14:53Z
wVyggTKDcOE,James Blunt - Goodbye My Lover [OFFICIAL VIDEO],UCUg8KhMXhFxJm-YQzOQ7nPw,2006-09-21T10:06:18Z
0jgrCKhxE1s,DragonForce - Through the Fire and Flames (Official Video),UCIUA7-MNA9NyrpimQo7Dw8g,2006-12-26T14:09:32Z
eiiU-Fky18s,Gym Class Heroes: Cupid&#39;s Chokehold ft. Patrick Stump [OFFICIAL VIDEO],UClVrJwcIy7saPcGc1nct80A,2006-11-28T09:59:28Z
EbJtYqBYCV8,Plain White T&#39;s - &quot;Hey There Delilah&quot; (Official Music Video),UCKMYrg58k3muz90hG0OSVhA,2006-08-10T23:36:23Z
GIzDsGyxsQM,Stone Sour - Through Glass [OFFICIAL VIDEO],UCRRxSTgPUY0q_YToaczc2BQ,2006-10-18T08:47:23Z
6dW6aNAZGTM,Cradle Of Filth - Nymphetamine Fix [OFFICIAL VIDEO],UCRRxSTgPUY0q_YToaczc2BQ,2006-09-01T21:36:54Z
1gX1EP6mG-E,Old Crow Medicine Show - Wagon Wheel [Official Music Video],UCmVE1oDNf5IjExOGfdbL3SA,2006-09-07T19:34:15Z
Ddn4MGaS3N4,Andy McKee - Guitar - Drifting - www.candyrat.com,UCMJecdKUslHToOEpeuRGwXg,2006-11-25T21:40:15Z
8AZxUtZ2ZgI,Panic! At The Disco : Lying Is The Most Fun... [OFFICIAL VIDEO],UClVrJwcIy7saPcGc1nct80A,2006-09-29T22:48:04Z
Xsp3_a-PMTw,Muse - Supermassive Black Hole [Official Music Video],UCGGhM6XCSJFQ6DTRffnKRIw,2006-12-01T12:06:00Z
FjV8SHjHvHk,HELLOWEEN - I Want Out (Official Music Video),UCJ_GGoAmF-LTtmV_2P5q8Dw,2006-08-14T18:35:49Z
y-MaaxgdUT4,Paramore: Pressure [OFFICIAL VIDEO],UCc7_woMAIVIW2mAr1rPCsFQ,2006-07-18T16:23:51Z
uBtH2YlNiNc,Panic! At The Disco: But It&#39;s Better If You Do [OFFICIAL VIDEO],UClVrJwcIy7saPcGc1nct80A,2006-07-18T19:32:54Z
mgJ8BZi3vTA,Paramore: Emergency [OFFICIAL VIDEO],UCc7_woMAIVIW2mAr1rPCsFQ,2006-08-01T18:28:08Z
cMFWFhTFohk,Band of Horses - The Funeral [OFFICIAL VIDEO],UCsgEkEWaXKQwrhlLHFbcQFw,2006-04-06T23:16:11Z
-IUSZyjiYuY,Nickelback - If Everyone Cared [OFFICIAL VIDEO],UCRRxSTgPUY0q_YToaczc2BQ,2006-12-22T17:50:11Z
z-mxBDuRaZ8,Silversun Pickups - Lazy Eye (Official Video),UCeEzfNaT966HcGimjbMIDpA,2006-12-07T20:04:52Z
G_sBOsh-vyI,Muse - Knights Of Cydonia  (Video),UCGGhM6XCSJFQ6DTRffnKRIw,2006-12-01T12:19:56Z
JsD6uEZsIsU,Andy McKee - Rylynn - Acoustic Guitar - www.candyrat.com,UCMJecdKUslHToOEpeuRGwXg,2006-11-28T17:02:27Z
wJRh0PlWB6g,AaRON - U Turn (Lili) [CLIP OFFICIEL],UCV-q3-VuGgYzDEFXYDxIZRw,2006-09-07T09:27:02Z
iPW9AbRMwFU,Killswitch Engage - My Curse [OFFICIAL VIDEO],UCRRxSTgPUY0q_YToaczc2BQ,2006-11-06T16:49:07Z
eYO1-gGWJyo,Travis - Sing (Official HD Video),UCfOY7DHgcXBp2drfyFJQvaw,2006-08-11T15:39:45Z
p62rfWxs6a8,Regina Spektor - &quot;Samson&quot; [OFFICIAL VIDEO],UCXLFs5gTV3rjGPFkgxFoDxQ,2006-11-14T00:00:22Z
2Fe11OlMiz8,Straight No Chaser - The 12 Days of Christmas (original from 1998),UCiVrgJ8r6SXqAVDGFGHOujw,2006-04-25T19:25:09Z
n9AcG0glVu4,ARCH ENEMY - Nemesis (OFFICIAL VIDEO),UCnK9PxMozTYs8ELOvgMNKFA,2006-07-19T20:49:35Z
wigqKfLWjvM,Regina Spektor - &quot;Fidelity&quot; [Official Music Video],UCXLFs5gTV3rjGPFkgxFoDxQ,2006-12-14T23:22:51Z
MfMa2lrFxhY,Cradle Of Filth - Temptation [OFFICIAL VIDEO],UCRRxSTgPUY0q_YToaczc2BQ,2006-10-13T17:43:02Z
cCJ5u2AJHyw,Vanessa Hudgens - Come Back To Me,UCpPwodiYc4ceaqEBB54trHQ,2006-08-29T01:54:40Z
SEukS2YN9B8,Arctic Monkeys - Leave Before The Lights Come On (Official Video),UCA8xMhX1DfxA8UKsfjn9vQg,2006-08-04T11:23:22Z
Lx58hXh4pVA,LACUNA COIL - Enjoy the Silence - US Version (OFFICIAL VIDEO),UCnK9PxMozTYs8ELOvgMNKFA,2006-07-19T21:26:34Z
4sCkAvh50Vs,Within Temptation - Stand My Ground,UCiSQf6v-4cNmbEFdind5z2Q,2006-09-18T16:14:02Z
fczPlmz-Vug,Regina Spektor - &quot;Us&quot; [OFFICIAL Video],UCXLFs5gTV3rjGPFkgxFoDxQ,2006-11-13T23:45:08Z
gbEwHJX95QE,Atmosphere - Trying To Find A Balance (Official Video),UCHVbuwA78fcrsESJtKGz7dg,2006-11-02T23:22:02Z
xRqI5R6L7ow,"Elis Regina, Águas de Março",UCz56nDOUwDKaBk8rIfkzLBA,2006-06-23T19:48:16Z
0MtE1lm-KYQ,Kinky - A Donde Van Los Muertos [Official Music Video],UCmVE1oDNf5IjExOGfdbL3SA,2006-12-01T20:44:51Z
ePg1tbia9Bg,Arctic Monkeys - Fake Tales Of San Francisco (Official Video),UCA8xMhX1DfxA8UKsfjn9vQg,2006-08-14T18:53:48Z
PgMsACFMIq8,Killswitch Engage - Rose Of Sharyn [OFFICIAL VIDEO],UCRRxSTgPUY0q_YToaczc2BQ,2006-11-03T20:17:28Z
GZb_mqH2zJY,Fall Out Boy: Grand Theft Autumn / Where Is Your Boy [OFFICIAL VIDEO],UClVrJwcIy7saPcGc1nct80A,2006-07-18T17:09:37Z
Ywxm6zLEjFY,DragonForce - Operation Ground And Pound [OFFICIAL VIDEO],UCRRxSTgPUY0q_YToaczc2BQ,2006-08-18T15:55:58Z
SCQ6XmsJ8tE,Have You Ever Seen The Rain? by John Fogerty [LIVE],UCktGqMi4D7mkFZo5FXQTG7Q,2006-08-30T22:51:53Z
Cvar4ZsqsEo,Andy McKee - Into the Ocean - www.candyrat.com,UCMJecdKUslHToOEpeuRGwXg,2006-11-16T23:29:06Z
b4_bl8uTonQ,Staind - Right Here [OFFICIAL VIDEO],UCygNV8cau_ZC22-Y7TlPpCw,2006-08-31T20:22:50Z
K7XcO81TckU,Yendo a la casa de Damián,UCHIalb8oZehqMPum16ImmGQ,2006-11-09T20:04:21Z
nmE3QaGetn4,Andy McKee - Art of Motion - Guitar - www.candyrat.com,UCMJecdKUslHToOEpeuRGwXg,2006-11-20T20:24:17Z
WmP4iTGY97Y,HELLOWEEN - Power (Official Music Video),UCJ_GGoAmF-LTtmV_2P5q8Dw,2006-08-16T17:19:32Z
kXYiU_JCYtU,Numb (Official Video) - Linkin Park,UCZU9T1ceaOgwfLRq7OKFU4Q,2007-03-05T08:12:00Z
8sgycukafqQ,What I&#39;ve Done (Official Video) - Linkin Park,UCZU9T1ceaOgwfLRq7OKFU4Q,2007-04-03T21:06:19Z
Gu2pVPWGYMQ,Creedence Clearwater Revival: Have You Ever Seen The Rain?,UCvnG-BcSYPf6f73hlRhKlPw,2007-10-26T17:19:59Z
zsCD5XCu6CM,Somewhere I Belong (Official Video) - Linkin Park,UCZU9T1ceaOgwfLRq7OKFU4Q,2007-03-05T07:59:27Z
eW2qlKa6oHw,Lenny Kravitz - Again (Official Music Video),UCXO6oKBnoan5geauxYgcm3g,2007-12-03T22:52:23Z
F5VvvVxuKko,Vanessa Hudgens - Say Ok (Official Music Video),UCpPwodiYc4ceaqEBB54trHQ,2007-03-19T18:14:32Z
vjVkXlxsO8Q,Papercut (Official HD Video) - Linkin Park,UCZU9T1ceaOgwfLRq7OKFU4Q,2007-03-05T08:10:37Z
DWaB4PXCwFU,Breaking Benjamin - The Diary of Jane (Official Video),UCpPwodiYc4ceaqEBB54trHQ,2007-05-12T08:17:02Z
Jne9t8sHpUc,Alanis Morissette - Ironic (Official 4K Music Video),UCrTC0tOY5aujQFYDRf65xiw,2007-05-19T02:39:41Z
4qlCC1GOwFw,One Step Closer (Official HD Video) - Linkin Park,UCZU9T1ceaOgwfLRq7OKFU4Q,2007-03-05T08:22:25Z
8JUvbJekM88,Jonas Brothers - SOS Music Video - Official (HQ),UCFvXnyAhluG3sa6p3eOs_LA,2007-08-04T01:58:21Z
OnuuYcqhzCE,Bleed It Out (Official Video) - Linkin Park,UCZU9T1ceaOgwfLRq7OKFU4Q,2007-08-20T23:03:02Z
beGjncfEPt8,David Guetta &amp; Chris Willis - Love Is Gone (Official Video),UC1l7wYrva1qCH-wgqcHaaRg,2007-06-14T08:39:10Z
SPUJIbXN0WY,Michael Bublé - Everything [Official Music Video],UCHqQruhGENdmWy_oeH1f8QA,2007-04-23T20:56:52Z
EvuL5jyCHOw,Lenny Kravitz - Fly Away (Official Music Video),UCXO6oKBnoan5geauxYgcm3g,2007-12-03T22:53:36Z
DR6ED6lvkb4,"Niña Bonita, Binomio De Oro De América - Video Oficial",UCMt4GuchIJh48XJFB3iyXQQ,2007-02-13T15:53:35Z
h_m-BjrxmgI,Plain White T&#39;s - Hey There Delilah (Official Video),UCpPwodiYc4ceaqEBB54trHQ,2007-01-27T02:19:18Z
m-jRHI3INyg,Miley Cyrus - Start All Over,UCpPwodiYc4ceaqEBB54trHQ,2007-12-19T19:50:33Z
b3c32wBYdU0,James Blunt - Same Mistake  (video),UCUg8KhMXhFxJm-YQzOQ7nPw,2007-11-04T22:29:12Z
y9LlnLTH87U,Ya no sé qué hacer conmigo,UCHIalb8oZehqMPum16ImmGQ,2007-07-05T14:42:33Z
4_OKI91h3tw,かりゆし58「アンマー」,UCXIQnRfxSPEZAW1gAK1Guvw,2007-12-20T22:49:09Z
uWeqeQkjLto,James Blunt - 1973 (Video),UCUg8KhMXhFxJm-YQzOQ7nPw,2007-08-13T09:45:45Z
n1PCW0C1aiM,Shadow Of The Day (Official Video) - Linkin Park,UCZU9T1ceaOgwfLRq7OKFU4Q,2007-10-18T00:07:37Z
NPcyTyilmYY,Alanis Morissette - You Oughta Know (Official 4K Music Video),UCrTC0tOY5aujQFYDRf65xiw,2007-05-17T01:53:51Z
lt6PVVr4B04,Hilary Duff - So Yesterday,UCSRmCrFvCPomTqjzwoF9MGw,2007-02-23T02:11:47Z
PE3g2zeBVQQ,Simply Red - Sunrise (Official Video),UCwtvFWbWkLr8ra51W-pLstQ,2007-06-12T21:45:56Z
TFSIm3Zeecg,"Panic! At The Disco: Build God, Then We&#39;ll Talk [OFFICIAL VIDEO]",UClVrJwcIy7saPcGc1nct80A,2007-02-27T22:47:15Z
4iuO49jbovg,Alanis Morissette - Head Over Feet (Official 4K Music Video),UCrTC0tOY5aujQFYDRf65xiw,2007-05-17T00:48:33Z
cueB7j4ZGrM,James Blunt - Wisemen [OFFICIAL VIDEO],UCUg8KhMXhFxJm-YQzOQ7nPw,2007-05-21T10:59:31Z
SWSz_PAfgNc,Beirut - Elephant Gun (Official Video),UC-T3JrzHtDeHAmspt1Zn40A,2007-05-01T15:30:31Z
469cXOUk0Ig,Pitbull ft. Trina &amp; Young Bo$$ - Go Girl (Official Video),UCv8nzwVPQDRjkPCkEsOdEwA,2007-11-21T15:54:39Z
PssiJ9ywc0g,Simply Red - You Make Me Feel Brand New (Official Video),UCwtvFWbWkLr8ra51W-pLstQ,2007-06-13T15:38:50Z
uQFjavLR52Q,David Guetta - Baby When The Light (Official Video),UC1l7wYrva1qCH-wgqcHaaRg,2007-08-27T11:04:01Z
0rJTbJOeFMA,James Blunt - High [ORIGINAL VIDEO],UCUg8KhMXhFxJm-YQzOQ7nPw,2007-05-17T15:53:06Z
MpN1j8R5lZ8,Gotye - Hearts A Mess - official music video,UCFC9LamNMmLioW643VZ40OA,2007-12-06T02:02:35Z
xo0bpPbiUlM,Jonas Brothers - Hold On - Official Video,UCFvXnyAhluG3sa6p3eOs_LA,2007-05-22T16:26:09Z
6NUxMgzHdic,Gym Class Heroes: Clothes Off!! ft. Patrick Stump [OFFICIAL VIDEO],UClVrJwcIy7saPcGc1nct80A,2007-06-19T15:27:32Z
UAQcNo9yWbM,Cute Is What We Aim For: The Curse Of Curves [OFFICIAL VIDEO],UClVrJwcIy7saPcGc1nct80A,2007-02-26T20:33:30Z
OoVTHoq0QFk,"Pregúntele A Su Hija, Farid Ortiz - Video Oficial",UCMt4GuchIJh48XJFB3iyXQQ,2007-04-10T19:58:07Z
Mf0arR7dCQ4,Hilary Duff - Wake Up,UCSRmCrFvCPomTqjzwoF9MGw,2007-02-23T02:04:40Z
GFW-WfuX2Dk,Alanis Morissette - You Learn (Official 4K Music Video),UCrTC0tOY5aujQFYDRf65xiw,2007-05-20T00:55:08Z
2EQMVTTW1Sk,Hilary Duff - Fly,UCSRmCrFvCPomTqjzwoF9MGw,2007-02-27T19:34:27Z
GoLJJRIWCLU,Radiohead - Jigsaw Falling Into Place,UCq19-LqvG35A-30oyAiPiqA,2007-11-29T00:24:31Z
fmHpPJMB97c,Jonas Brothers - Nick Jonas show,UCFvXnyAhluG3sa6p3eOs_LA,2007-08-03T19:52:00Z
1OjTspCqvk8,The White Stripes - Icky Thump (Official Music Video),UC0sQemK7pgX5fYy0k1MFsHg,2007-05-25T16:04:03Z
ghPcYqn0p4Y,Sia - Breathe Me,UCmKdSrwf1e8coqAzUsrVHZw,2007-11-15T04:24:00Z
13EsiCjsssY,David Guetta - The World is Mine (Official Video),UC1l7wYrva1qCH-wgqcHaaRg,2007-05-23T13:37:30Z
5yIGhsydtUQ,Justin singing Because of You by Ne-yo,UCIwFjwMjI0y7PDBVEO9-bkQ,2007-04-25T18:28:16Z
wNvOUkRTkz8,Red Hot Chili Peppers - Charlie [Official Music Video],UCEuOwB9vSL1oPKGNdONB4ig,2007-06-18T19:00:03Z
xHFF2VrHOa8,Justin singing in the bathroom - Back at One- Brian McKnight,UCIwFjwMjI0y7PDBVEO9-bkQ,2007-04-25T17:34:57Z
fJ9rUzIMcZQ,Queen – Bohemian Rhapsody (Official Video Remastered),UCiMhD4jzUqG-IgPzUmmytRQ,2008-08-01T11:06:40Z
kTHNpusq654,Katy Perry - Hot N Cold (Official),UC-8Q-hLdECwQmaWNwXitYDw,2008-10-14T02:07:26Z
dvgZkm1xWPE,Coldplay - Viva La Vida (Official Video),UCDPM_n1atn2ijUwHd0NNRQw,2008-08-04T09:36:03Z
HgzGwKwLmgM,Queen - Don&#39;t Stop Me Now (Official Video),UCiMhD4jzUqG-IgPzUmmytRQ,2008-08-01T12:05:22Z
f4Mc-NYPHaQ,Queen - I Want To Break Free (Official Video),UCiMhD4jzUqG-IgPzUmmytRQ,2008-09-01T13:33:06Z
rY0WxgSXdEE,Queen - Another One Bites the Dust (Official Video),UCiMhD4jzUqG-IgPzUmmytRQ,2008-08-01T11:40:18Z
-tJYN-eG1zk,Queen - We Will Rock You (Official Video),UCiMhD4jzUqG-IgPzUmmytRQ,2008-08-01T23:47:47Z
Hr0Wv5DJhuk,Miley Cyrus - 7 Things (Official Music Video),UCpPwodiYc4ceaqEBB54trHQ,2008-06-28T17:10:43Z
04854XqcfCY,Queen - We Are The Champions (Official Video),UCiMhD4jzUqG-IgPzUmmytRQ,2008-08-01T12:26:25Z
azdwsXLmrHE,Queen - Radio Ga Ga (Official Video),UCiMhD4jzUqG-IgPzUmmytRQ,2008-08-01T13:32:21Z
tAp9BKosZXs,Katy Perry - I Kissed A Girl (Official),UC-8Q-hLdECwQmaWNwXitYDw,2008-06-10T18:36:10Z
2ZBtPf7FOoM,"Queen - Killer Queen (Top Of The Pops, 1974)",UCiMhD4jzUqG-IgPzUmmytRQ,2008-08-01T12:32:47Z
a01QQZyl-_I,Queen - Under Pressure (Official Video),UCiMhD4jzUqG-IgPzUmmytRQ,2008-09-09T18:20:14Z
yZIummTz9mM,Leave Out All The Rest (Official Video) - Linkin Park,UCZU9T1ceaOgwfLRq7OKFU4Q,2008-06-02T23:28:45Z
zO6D_BAuYCI,Queen - Crazy Little Thing Called Love (Official Video),UCiMhD4jzUqG-IgPzUmmytRQ,2008-08-01T12:03:00Z
Us-TVg40ExM,Stand By Me | Playing For Change | Song Around The World,UCn25nZ12HEZq_w_m_1DmbbA,2008-11-07T00:54:45Z
nmjO1p9Oxrk,Demi Lovato - La La Land (Official Music Video),UCpPwodiYc4ceaqEBB54trHQ,2008-12-20T04:19:55Z
wmin5WkOuPw,The Prodigy - Firestarter (Official Video),UC7IZbkKDd20v6Ni_vFX63rQ,2008-05-27T20:24:46Z
_Jtpf8N5IDE,Queen - Who Wants To Live Forever (Official Video),UCiMhD4jzUqG-IgPzUmmytRQ,2008-08-02T01:17:43Z
e4ujS1er1r0,Zac Brown Band - Chicken Fried (Full Version Video) | The Foundation,UCH5oChsU9MVM7gIqBolNKGQ,2008-11-06T19:28:47Z
3RSlhNJFohI,Miley Cyrus - Fly On The Wall,UCpPwodiYc4ceaqEBB54trHQ,2008-12-09T03:00:27Z
VMnjF1O4eH0,Queen - Fat Bottomed Girls (Official Video),UCiMhD4jzUqG-IgPzUmmytRQ,2008-08-01T12:29:43Z
HRqOjhNN4hQ,Vanessa Hudgens - Sneakernight (Official Video),UCpPwodiYc4ceaqEBB54trHQ,2008-06-14T17:32:39Z
0xyxtzD54rM,Given Up (Official Video HQ) - Linkin Park,UCZU9T1ceaOgwfLRq7OKFU4Q,2008-03-05T01:14:01Z
hFDcoX7s6rE,Queen - I Want It All (Official Video),UCiMhD4jzUqG-IgPzUmmytRQ,2008-08-20T11:22:57Z
aQRLSBUNupg,Madonna feat. Pharrell - Give It 2 Me (Official Music Video),UC81VD6eeuLLSfyY_D-N8sVw,2008-06-11T19:29:10Z
IakDItZ7f7Q,Coldplay - Violet Hill (Official Video),UCDPM_n1atn2ijUwHd0NNRQw,2008-05-19T10:17:52Z
sUJkCXE4sAA,Queen - Love Of My Life (Official Video),UCiMhD4jzUqG-IgPzUmmytRQ,2008-10-21T11:50:19Z
tWbLkXhGEmo,Katy Perry - Ur So Gay (Official),UC-8Q-hLdECwQmaWNwXitYDw,2008-04-03T21:30:01Z
-ZBoPlCzuRY,Jonas Brothers: When You Look Me In The Eyes - Official (HQ),UCFvXnyAhluG3sa6p3eOs_LA,2008-01-25T22:50:11Z
0p_1QSUsbsM,Queen - A Kind of Magic (Official Video),UCiMhD4jzUqG-IgPzUmmytRQ,2008-08-01T12:14:58Z
eQOFRZ1wNLw,With You - Chris Brown Cover - Justin singing,UCIwFjwMjI0y7PDBVEO9-bkQ,2008-02-11T04:43:43Z
qdtLCfEcPL4,Peter Fox - Alles neu (offizielles Video),UCrWcq3VjvaT6BW3kHo2vG_Q,2008-07-17T15:55:07Z
aWxBrI0g1kE,Disturbed - Indestructible [Official Music Video],UCveWMJeHgcIUPMnFzd7Vxjg,2008-08-21T17:03:40Z
_yWU0lFghxU,Seeed - Ding (official Video),UCvb5L94_iqX9GSbLyPJPj5Q,2008-12-29T12:29:10Z
zR5_KkxgGqE,Jesse McCartney - Leavin&#39; (Official Video),UCpPwodiYc4ceaqEBB54trHQ,2008-04-30T01:18:13Z
L8p5t4uPCZQ,Aly &amp; AJ - Like Whoa (Official Video),UCpPwodiYc4ceaqEBB54trHQ,2008-02-01T02:43:34Z
tpKCqp9CALQ,The Chemical Brothers - Hey Boy Hey Girl (Official Music Video),UC11RIQQg3bSkGtnpx9dom5g,2008-01-09T19:58:56Z
HaZpZQG2z10,Queen - You&#39;re My Best Friend (Official Video),UCiMhD4jzUqG-IgPzUmmytRQ,2008-08-01T12:58:20Z
EqkBRVukQmE,Arctic Monkeys - When The Sun Goes Down (Official Video),UC-KTRBl9_6AX10-Y7IKwKdw,2008-12-10T22:04:45Z
VEJ8lpCQbyw,Queen - Princes Of The Universe (Official Video),UCiMhD4jzUqG-IgPzUmmytRQ,2008-12-02T01:21:11Z
M80XXxMKFWw,青山テルマ feat.SoulJa / そばにいるね,UCl2aT0nRejTCQO_LHZAftBw,2008-06-06T08:36:18Z
0AIlz08fZos,Queen - Friends Will Be Friends (Official Video),UCiMhD4jzUqG-IgPzUmmytRQ,2008-10-07T13:06:39Z
Iw3izcZd9zU,Queen - Save Me (Official Video),UCiMhD4jzUqG-IgPzUmmytRQ,2008-08-20T11:16:16Z
UzWHE32IxUc,Lenny Kravitz - American Woman (Official Music Video),UCXO6oKBnoan5geauxYgcm3g,2008-02-25T19:12:20Z
oozJH6jSr2U,"Queen - Bohemian Rhapsody (Live At Wembley Stadium, Saturday 12 July 1986)",UCiMhD4jzUqG-IgPzUmmytRQ,2008-08-01T12:22:59Z
svJvT6ruolA,The Prodigy - No Good (Start The Dance) (Official Video),UC7IZbkKDd20v6Ni_vFX63rQ,2008-05-27T21:49:20Z
CEjU9KVABao,Queen - Breakthru (Official Video),UCiMhD4jzUqG-IgPzUmmytRQ,2008-09-09T17:48:24Z
8nX2n8UKbWA,بكتب اسمك يا حبيبي - فيروز               Bektob esmak ya habibi - Fairouz,UCBXfCOfmPogDgi7KTte7S-A,2008-12-13T17:20:08Z
-tYi4cNhQZw,矢島美容室 / ニホンノミカタ-ネバダカラキマシタ-,UC1oPBUWifc0QOOY8DEKhLuQ,2008-12-18T21:12:58Z
VuNIsY6JdUw,Taylor Swift - You Belong With Me,UCANLZYMidaCbLQFWXBC95Jg,2009-06-16T22:02:30Z
CSvFpBOe8eY,System Of A Down - Chop Suey! (Official Video),UCvtZDkeFxMkRTNqfqXtxxkw,2009-10-03T04:45:02Z
Zi_XLOBDo_Y,Michael Jackson - Billie Jean (Official Video),UCulYu1HEIa7f70L2lYZWHOw,2009-10-03T04:44:09Z
YlUKcNNmywk,Red Hot Chili Peppers - Californication [Official Music Video],UCEuOwB9vSL1oPKGNdONB4ig,2009-10-27T02:35:59Z
QNJL6nfu__Q,Michael Jackson - They Don’t Care About Us (Brazil Version) (Official Video),UCulYu1HEIa7f70L2lYZWHOw,2009-10-03T04:50:06Z
lDK9QqIzhwk,Bon Jovi - Livin&#39; On A Prayer (Official Music Video),UCwlTofOAY79PS_GhmborAdA,2009-06-17T00:35:28Z
sOnqjkJTMaA,Michael Jackson - Thriller (Official Video),UCulYu1HEIa7f70L2lYZWHOw,2009-10-03T06:51:49Z
9BMwcO6_hyA,Bon Jovi - Always (Official Music Video),UCwlTofOAY79PS_GhmborAdA,2009-06-17T00:24:48Z
8xg3vE8Ie_E,Taylor Swift - Love Story,UCANLZYMidaCbLQFWXBC95Jg,2009-06-16T21:56:20Z
oofSnsGkops,James Blunt - You&#39;re Beautiful (Video),UCUg8KhMXhFxJm-YQzOQ7nPw,2009-10-27T00:29:52Z
iywaBOMvYLI,System Of A Down - Toxicity (Official Video),UCvtZDkeFxMkRTNqfqXtxxkw,2009-10-02T15:16:02Z
LeiFF0gvqcc,Michael Jackson - Remember The Time (Official Video),UCulYu1HEIa7f70L2lYZWHOw,2009-10-03T04:54:19Z
FJfFZqTlWrQ,P!nk - So What (Official Music Video),UCXJDX1KK6t121Z9FLhu5o2A,2009-10-25T07:03:43Z
RF0HhrwIwp0,Kings Of Leon - Sex on Fire,UC09rjW-THj6e3WgMKSc5Bvg,2009-10-03T04:37:20Z
vabnZ9-ex7o,Nirvana - Come As You Are,UCzGrGrvf9g8CVVzh_LvGf-g,2009-06-16T21:34:49Z
HzZ_urpj4As,Michael Jackson - The Way You Make Me Feel (Official Video),UCulYu1HEIa7f70L2lYZWHOw,2009-10-03T04:48:18Z
F2AitTPI5U0,Michael Jackson - Black Or White (Official Video - Shortened Version),UCulYu1HEIa7f70L2lYZWHOw,2009-10-03T06:10:38Z
zUzd9KyIDrM,System Of A Down - B.Y.O.B. (Official Video),UCvtZDkeFxMkRTNqfqXtxxkw,2009-10-03T04:50:13Z
dsUXAEzaC3Q,Michael Jackson - Bad (Shortened Version),UCulYu1HEIa7f70L2lYZWHOw,2009-10-03T20:55:06Z
TOrnUquxtwA,Justin Timberlake - What Goes Around...Comes Around,UCsXfDf1CDgU3SCt0gxJNXGg,2009-10-03T21:26:21Z
fregObNcHC8,Nirvana - The Man Who Sold The World (MTV Unplugged),UCzGrGrvf9g8CVVzh_LvGf-g,2009-06-16T22:56:31Z
Ns9YYSqLxyI,Marc Anthony - Valio La Pena (Salsa Version),UCQhOf1GhzkMsyLAFwrnG8XQ,2009-10-03T04:46:22Z
r00ikilDxW4,Green Day - 21 Guns [Official Music Video],UCqC_GY2ZiENFz2pwL0cSfAw,2009-10-08T01:24:21Z
L-iepu3EtyE,System Of A Down - Aerials (Official Video),UCvtZDkeFxMkRTNqfqXtxxkw,2009-10-03T04:51:24Z
XAi3VTSdTxU,Michael Jackson - Earth Song (Official Video),UCulYu1HEIa7f70L2lYZWHOw,2009-10-03T04:46:05Z
KrZHPOeOxQQ,Bon Jovi - You Give Love A Bad Name (Official Music Video),UCwlTofOAY79PS_GhmborAdA,2009-06-16T22:10:30Z
yURRmWtbTbo,Michael Jackson - Don’t Stop &#39;Til You Get Enough (Official Video),UCulYu1HEIa7f70L2lYZWHOw,2009-10-03T21:00:43Z
DnGdoEa1tPg,System Of A Down - Lonely Day (Official Video),UCvtZDkeFxMkRTNqfqXtxxkw,2009-10-03T07:35:20Z
kVpv8-5XWOI,"Train - Hey, Soul Sister (Official Video)",UC5e_2fVZJ2heCb799A04AtA,2009-11-14T14:32:17Z
Sb5aq5HcS1A,Red Hot Chili Peppers - Dani California [Official Music Video],UCEuOwB9vSL1oPKGNdONB4ig,2009-10-27T02:33:19Z
gnhXHvRoUd0,Kings Of Leon - Use Somebody (Official Video),UC09rjW-THj6e3WgMKSc5Bvg,2009-10-03T04:39:09Z
GemKqzILV4w,Snow Patrol - Chasing Cars (Official Video),UCS4bqe_kRDbaKsrpqfHZ08A,2009-06-26T19:34:29Z
8DyziWtkfBw,Red Hot Chili Peppers - Can&#39;t Stop [Official Music Video],UCEuOwB9vSL1oPKGNdONB4ig,2009-10-27T02:33:12Z
pAyKJAtDNCw,Michael Jackson - You Are Not Alone (Official Video),UCulYu1HEIa7f70L2lYZWHOw,2009-10-03T20:55:24Z
NUTGr5t3MoY,Green Day - Basket Case [Official Music Video],UCqC_GY2ZiENFz2pwL0cSfAw,2009-10-27T02:25:14Z
5X-Mrc2l1d0,Michael Jackson - Rock With You (Official Video),UCulYu1HEIa7f70L2lYZWHOw,2009-10-03T04:41:55Z
7Xf-Lesrkuc,Train - Drops of Jupiter (Official Video),UC5e_2fVZJ2heCb799A04AtA,2009-10-25T19:37:15Z
NvR60Wg9R7Q,Bon Jovi - Bed Of Roses (Official Music Video),UCwlTofOAY79PS_GhmborAdA,2009-06-17T00:44:51Z
VV1XWJN3nJo,Natalie Imbruglia - Torn (Official Video),UCPK9noEhqWa04l2ZP59Nbtg,2009-10-03T04:36:16Z
129kuDCQtHs,Bruce Springsteen - Dancing In the Dark (Official Video),UCkZu0HAGinESFynhe3R4hxQ,2009-10-03T20:55:36Z
w8KQmps-Sog,Muse - Uprising [Official Video],UCGGhM6XCSJFQ6DTRffnKRIw,2009-10-09T13:15:12Z
pkcJEvMcnEg,Nirvana - Lithium,UCzGrGrvf9g8CVVzh_LvGf-g,2009-06-16T22:57:12Z
GLvohMXgcBo,Red Hot Chili Peppers - Under The Bridge [Official Music Video],UCEuOwB9vSL1oPKGNdONB4ig,2009-10-27T02:32:53Z
h_L4Rixya64,Foo Fighters - Best Of You (Official Music Video),UCGRjJrpD2bmk9Ilq6nq80qg,2009-10-03T20:49:33Z
eBG7P-K-r1Y,Foo Fighters - Everlong (Official Music Video),UCGRjJrpD2bmk9Ilq6nq80qg,2009-10-03T04:49:58Z
Jb2stN7kH28,Taylor Swift - Our Song,UCANLZYMidaCbLQFWXBC95Jg,2009-06-17T00:49:50Z
1-7ABIM2qjU,Michael Jackson - You Rock My World (Official Video),UCulYu1HEIa7f70L2lYZWHOw,2009-10-03T07:52:30Z
BWf-eARnf6U,Michael Jackson - Heal The World (Official Video),UCulYu1HEIa7f70L2lYZWHOw,2009-10-03T04:53:04Z
NU9JoFKlaZ0,Green Day - Wake Me Up When September Ends [Official Music Video],UCqC_GY2ZiENFz2pwL0cSfAw,2009-10-27T02:28:05Z
YrLk4vdY28Q,Leonard Cohen - Hallelujah (Live In London),UCXWB-kykEYmLveG3Sw0LPOA,2009-10-03T04:30:07Z
LjhCEhWiKXk,Bruno Mars - Just The Way You Are [Official Video],UCoUM-UJ7rirJYP8CQ0EIaHA,2010-09-08T21:29:01Z
QGJuMBdaqIw,Katy Perry - Firework (Official Music Video),UC-8Q-hLdECwQmaWNwXitYDw,2010-10-28T19:37:50Z
SR6iYWJxHqs,Bruno Mars - Grenade [Official Video],UCoUM-UJ7rirJYP8CQ0EIaHA,2010-11-22T16:55:48Z
F57P9C4SAW4,Katy Perry - California Gurls (Official Music Video) ft. Snoop Dogg,UC-8Q-hLdECwQmaWNwXitYDw,2010-06-15T01:53:12Z
h_D3VFfhvs4,Michael Jackson - Smooth Criminal (Official Video),UCulYu1HEIa7f70L2lYZWHOw,2010-11-19T11:39:43Z
UAWcs5H-qgQ,Ed Sheeran - The A Team [Official Video],UC0C-w0YjGpqDXGB8IHb662A,2010-04-22T20:28:09Z
XPBwXKgDTdE,Taylor Swift - Mine,UCANLZYMidaCbLQFWXBC95Jg,2010-08-31T02:15:03Z
98WtmW-lfeE,Katy Perry - Teenage Dream (Official Music Video),UC-8Q-hLdECwQmaWNwXitYDw,2010-08-10T19:32:36Z
qHm9MG9xw1o,OneRepublic - Secrets (Official Music Video),UCQ5kHOKpF3-1_UCKaqXARRg,2010-05-13T00:31:24Z
XjVNlG5cZyQ,P!nk - Raise Your Glass,UCXJDX1KK6t121Z9FLhu5o2A,2010-11-02T22:36:37Z
lkHlnWFnA0c,【MV full】 ヘビーローテーション / AKB48 [公式],UCxjXU89x6owat9dA8Z-bzdw,2010-09-08T10:58:23Z
iWOyfLBYtuU,Florence + The Machine - Dog Days Are Over (2010 Version),UCDYfiBTEPexujA5wDWvxUnA,2010-03-12T16:37:21Z
-oCCnxBos10,Michael Jackson - Hold My Hand (Duet with Akon) (Official Video) ft. Akon,UCulYu1HEIa7f70L2lYZWHOw,2010-12-08T02:05:55Z
TPE9uSFFxrI,Muse - Resistance,UCGGhM6XCSJFQ6DTRffnKRIw,2010-02-10T12:12:41Z
PkQ5rEJaTmk,Swedish House Mafia - One (Your Name) (Official Video),UCtHY_7BXK9Bn3Dp3cjBgCLA,2010-07-14T02:31:22Z
xGbxsiBZGPI,ONE OK ROCK 「完全感覚Dreamer」,UCdIGbKA_8trRiOq7eGZ7oSA,2010-05-13T07:01:12Z
J-8VCL4uSUc,Train - Shake Up Christmas (Official Video),UC5e_2fVZJ2heCb799A04AtA,2010-11-29T20:33:16Z
j7CDb610Bg0,BUMP OF CHICKEN「天体観測」,UCOfESRUR5duQ2hMnTQ4oqhA,2010-12-11T04:50:38Z
tAwo-eudpH4,"Marc Anthony, Jennifer Lopez - Escapémonos (GRAMMYs on CBS)",UCQhOf1GhzkMsyLAFwrnG8XQ,2010-01-25T21:29:53Z
LCH1AsUydSc,Swedish House Mafia - Miami 2 Ibiza ft. Tinie Tempah (Official Video),UCtHY_7BXK9Bn3Dp3cjBgCLA,2010-10-02T00:18:51Z
3dm_5qWWDV8,Muse - Hysteria [Official Music Video],UCGGhM6XCSJFQ6DTRffnKRIw,2010-02-08T16:01:25Z
SwXtaahxjls,【MV full】 ポニーテールとシュシュ / AKB48 [公式],UCxjXU89x6owat9dA8Z-bzdw,2010-09-08T04:36:04Z
NGorjBVag0I,Leonard Cohen - Dance Me to the End of Love (Official Video),UCXWB-kykEYmLveG3Sw0LPOA,2010-03-10T16:13:33Z
l039y9FaIjc,Michael Jackson - Speed Demon (Official Video),UCulYu1HEIa7f70L2lYZWHOw,2010-12-12T12:34:08Z
1PhrvI6ecRs,SOPRANO - FERME LES YEUX ET IMAGINE-TOI FEAT. BLACKO [CLIP OFFICIEL],UCYne4N06sHVhRBXS0Lq5D8g,2010-11-18T03:31:20Z
VLPRQUbhIT0,SOPRANO - HIRO FEAT. INDILA [CLIP OFFICIEL],UCYne4N06sHVhRBXS0Lq5D8g,2010-11-19T16:21:06Z
ghZt2cILcCU,Train - Marry Me (Official Music Video),UC5e_2fVZJ2heCb799A04AtA,2010-12-12T15:20:39Z
2EIeUlvHAiM,Florence + The Machine - Cosmic Love,UCDYfiBTEPexujA5wDWvxUnA,2010-05-17T15:33:40Z
gFp7q-IJqno,Kings Of Leon - Pyro (Official Music Video),UC09rjW-THj6e3WgMKSc5Bvg,2010-12-09T11:30:16Z
CmwRQqJsegw,Muse - Feeling Good (Video),UCGGhM6XCSJFQ6DTRffnKRIw,2010-02-08T16:11:54Z
O2IuJPh6h_A,Muse - Time Is Running Out (video),UCGGhM6XCSJFQ6DTRffnKRIw,2010-02-16T09:23:58Z
41i4uCWST_U,Katy Perry - Teenage Dream (Director&#39;s Cut),UC-8Q-hLdECwQmaWNwXitYDw,2010-09-10T00:24:59Z
t1pqi8vjTLY,Michael Jackson - They Don&#39;t Care About Us (Prison Version) (Official Video),UCulYu1HEIa7f70L2lYZWHOw,2010-12-12T13:00:01Z
ptSjNWnzpjg,Taylor Swift - Fearless,UCANLZYMidaCbLQFWXBC95Jg,2010-02-26T17:13:59Z
4qLY0vbrT8Q,Michael Jackson - In the Closet (Official Video),UCulYu1HEIa7f70L2lYZWHOw,2010-12-12T13:03:15Z
MTvgnYGu9bg,Muse - Neutron Star Collision (Love Is Forever) [OFFICIAL VIDEO],UCGGhM6XCSJFQ6DTRffnKRIw,2010-05-21T23:17:50Z
m8Ed8in9Qng,Bruno Mars - The Other Side (feat. Cee Lo Green &amp; B.o.B) [Home Video],UCoUM-UJ7rirJYP8CQ0EIaHA,2010-07-14T21:03:14Z
mFu3YzRnyDU,P!nk - Trouble (Official Video),UCXJDX1KK6t121Z9FLhu5o2A,2010-10-20T00:28:53Z
wPBbMbKSZrQ,Kings Of Leon - Radioactive (Official Music Video),UC09rjW-THj6e3WgMKSc5Bvg,2010-09-08T07:40:22Z
F32epua9VQs,【MV full】 大声ダイヤモンド / AKB48 [公式],UCxjXU89x6owat9dA8Z-bzdw,2010-09-08T12:43:36Z
x1yOGhnmYfI,James Blunt - Stay The Night [OFFICIAL MUSIC VIDEO],UCUg8KhMXhFxJm-YQzOQ7nPw,2010-09-23T15:54:03Z
pKQlKygAMrg,【MV full】 涙サプライズ / AKB48 [公式],UCxjXU89x6owat9dA8Z-bzdw,2010-09-08T13:30:10Z
HDn_EK7VRwQ,【MV full】 Beginner / AKB48 [公式],UCxjXU89x6owat9dA8Z-bzdw,2010-12-13T10:49:48Z
eMqsWc8muj8,Muse - Bliss,UCGGhM6XCSJFQ6DTRffnKRIw,2010-02-08T16:15:41Z
bQqLKCg-UgA,【MV full】 RIVER / AKB48 [公式],UCxjXU89x6owat9dA8Z-bzdw,2010-09-08T12:03:52Z
dbB-mICjkQM,Muse - Plug In Baby (Official Video),UCGGhM6XCSJFQ6DTRffnKRIw,2010-02-08T16:19:40Z
qJ-Drv9tVjI,【MV full】 言い訳Maybe / AKB48 [公式],UCxjXU89x6owat9dA8Z-bzdw,2010-09-08T12:20:03Z
UHvgAJe8bvM,OneRepublic - Marchin On (Official Music Video),UCQ5kHOKpF3-1_UCKaqXARRg,2010-06-08T00:02:14Z
qhduQhDqtb4,Muse - New Born,UCGGhM6XCSJFQ6DTRffnKRIw,2010-02-08T16:23:32Z
i9LOFXwPwC4,Muse - Unintended,UCGGhM6XCSJFQ6DTRffnKRIw,2010-02-08T16:14:04Z
KlyXNRrsk4A,Katy Perry - Last Friday Night (T.G.I.F.) (Official Music Video),UC-8Q-hLdECwQmaWNwXitYDw,2011-06-12T23:00:00Z
QJO3ROT-A4E,One Direction - What Makes You Beautiful (Official Video),UCbW18JZRgko_mOGm5er8Yzg,2011-08-19T15:00:00Z
Ahha3Cqe_fk,Katy Perry - The One That Got Away (Official Music Video),UC-8Q-hLdECwQmaWNwXitYDw,2011-11-11T18:37:24Z
oRdxUFDoQe0,Michael Jackson - Beat It (Official Video),UCulYu1HEIa7f70L2lYZWHOw,2011-04-11T10:13:33Z
W-w3WfgpcGg,Bruno Mars - It Will Rain (Official Video),UCoUM-UJ7rirJYP8CQ0EIaHA,2011-11-10T22:06:13Z
t5Sd5c4o9UM,Katy Perry - E.T. ft. Kanye West (Official Music Video),UC-8Q-hLdECwQmaWNwXitYDw,2011-03-31T01:54:54Z
Bag1gUxuU0g,Lana Del Rey - Born To Die (Official Music Video),UC3N5y6UWKJaKqoU2b_0MfTQ,2011-12-14T20:48:50Z
x6UODla2hqE,Daddy Yankee - Llegamos a La Disco (Video Oficial),UC9TO_oo4c_LrOiKNaY6aysA,2011-09-10T10:23:39Z
mzJj5-lubeM,Red Hot Chili Peppers - Scar Tissue [Official Music Video],UCEuOwB9vSL1oPKGNdONB4ig,2011-07-15T22:26:46Z
cE6wxDqdOV0,Lana Del Rey - Video Games (Official Music Video),UC3N5y6UWKJaKqoU2b_0MfTQ,2011-10-16T08:00:00Z
nvfejaHz-o0,One Direction - Gotta Be You,UCbW18JZRgko_mOGm5er8Yzg,2011-11-08T14:44:27Z
QUwxKWT6m7U,Taylor Swift - Back To December,UCANLZYMidaCbLQFWXBC95Jg,2011-02-01T17:16:48Z
jYa1eI1hpDE,Taylor Swift - Mean,UCANLZYMidaCbLQFWXBC95Jg,2011-05-13T22:55:22Z
0NKUpo_xKyQ,Ellie Goulding - Lights (Official Video),UCvu362oukLMN1miydXcLxGg,2011-01-20T17:56:25Z
ocDlOD1Hw9k,P!nk - F**kin&#39; Perfect (Explicit Version),UCXJDX1KK6t121Z9FLhu5o2A,2011-01-19T20:05:41Z
RtBbinpK5XI,Red Hot Chili Peppers - The Adventures of Rain Dance Maggie [Official Music Video],UCEuOwB9vSL1oPKGNdONB4ig,2011-08-17T17:41:52Z
fhseD2tRLUY,少女時代 / ＭＲ．ＴＡＸＩ　（DANCE VER.）,UCl2aT0nRejTCQO_LHZAftBw,2011-04-25T12:51:39Z
1iBm60uJXvs,Bruno Mars - Liquor Store Blues (feat. Damian Marley) [Official Video],UCoUM-UJ7rirJYP8CQ0EIaHA,2011-03-04T18:58:37Z
nN6VR92V70M,Taylor Swift - The Story Of Us,UCANLZYMidaCbLQFWXBC95Jg,2011-05-25T21:44:56Z
BXpdmKELE1k,Swedish House Mafia - Save The World (Official Video),UCtHY_7BXK9Bn3Dp3cjBgCLA,2011-05-19T23:25:00Z
zYoYoBtLqOY,KARA - STEP M/V,UCbxYZzVHUrv-AhR6KZzGo0A,2011-09-05T16:05:09Z
LZ34LlaIk88,Taylor Swift - Ours,UCANLZYMidaCbLQFWXBC95Jg,2011-12-06T08:00:00Z
WdhMjzfg6-k,【MV full】 フライングゲット （ダンシングバージョン） / AKB48 [公式],UCxjXU89x6owat9dA8Z-bzdw,2011-10-27T04:09:51Z
oKar-tF__ac,Taylor Swift - Sparks Fly,UCANLZYMidaCbLQFWXBC95Jg,2011-08-11T18:18:12Z
oDNcL1VP3rY,Red Hot Chili Peppers - Tell Me Baby [Official Music Video],UCEuOwB9vSL1oPKGNdONB4ig,2011-07-19T22:11:56Z
zjGtTUfPcI4,Michael Jackson - Hollywood Tonight (Official Video),UCulYu1HEIa7f70L2lYZWHOw,2011-03-10T01:59:42Z
_l09H-3zzgA,The Strokes - Under Cover of Darkness (Official Music Video),UC_JnlnBEy6F7CuwIQ-KSGBg,2011-02-26T00:29:57Z
Xu3FTEmN-eg,The Chemical Brothers - Galvanize (Official Music Video),UC11RIQQg3bSkGtnpx9dom5g,2011-07-15T23:45:41Z
0XcN12uVHeQ,Red Hot Chili Peppers - Soul To Squeeze [Official Music Video],UCEuOwB9vSL1oPKGNdONB4ig,2011-07-15T22:04:03Z
EPhWR4d3FJQ,Bruce Springsteen - Born in the U.S.A. (Official Video),UCkZu0HAGinESFynhe3R4hxQ,2011-03-10T21:06:23Z
bV4vcr8E4HU,ONE OK ROCK 「Re:make」,UCdIGbKA_8trRiOq7eGZ7oSA,2011-09-21T02:23:58Z
EDv7efxb4No,One Direction - One Thing (Acoustic Video),UCbW18JZRgko_mOGm5er8Yzg,2011-12-06T23:29:11Z
fBf2v4mLM8k,Ellie Goulding - Starry Eyed (Official Video),UCvu362oukLMN1miydXcLxGg,2011-07-28T07:00:00Z
KDcgOpUp2nc,ZAZ - Eblouie par la nuit (Clip officiel),UCmQZ7aYY8YH6HHhY2Jx2a9Q,2011-11-17T18:29:27Z
EqWRaAF6_WY,Foo Fighters - My Hero (Official Music Video),UCGRjJrpD2bmk9Ilq6nq80qg,2011-03-18T19:35:42Z
18oYGsmUprM,Katy Perry - E.T. (Audio),UC-8Q-hLdECwQmaWNwXitYDw,2011-01-28T10:22:07Z
Imixg3jrJS8,Ellie Goulding - Lights (Bassnectar Remix / Official Video),UCvu362oukLMN1miydXcLxGg,2011-07-14T12:11:35Z
DBOuqyqmtJk,Kings Of Leon - Back Down South (Official Music Video),UC09rjW-THj6e3WgMKSc5Bvg,2011-05-27T17:49:04Z
mZvHEoO0qUQ,Jai Maa Vaishnodevi I English Subtitles I Watch online Full Movie I GULSHAN KUMAR I GAJENDRA CHAUHAN,UCaayLD9i5x4MmIoVZxXSv_g,2011-12-23T21:43:26Z
WgjgACnHuWQ,ONE OK ROCK 「アンサイズニア」,UCdIGbKA_8trRiOq7eGZ7oSA,2011-01-13T18:13:37Z
v-nNksBWxNI,Red Hot Chili Peppers - Desecration Smile [Official Music Video],UCEuOwB9vSL1oPKGNdONB4ig,2011-07-19T22:18:23Z
hmAaBAZtTiY,back number - 花束 (Short ver.),UCl2aT0nRejTCQO_LHZAftBw,2011-05-23T06:04:57Z
unzWJWiCALA,Justin Timberlake - What Goes Around...Comes Around (Director&#39;s Cut),UCsXfDf1CDgU3SCt0gxJNXGg,2011-07-22T15:21:09Z
GwTXwJg6_VE,Snow Patrol - Called Out In The Dark (Official Video),UCS4bqe_kRDbaKsrpqfHZ08A,2011-08-17T09:00:00Z
kbpqZT_56Ns,Foo Fighters - Rope (Official Music Video),UCGRjJrpD2bmk9Ilq6nq80qg,2011-03-11T00:17:28Z
pHtDaScwNjU,KARA - ミスター M/V,UCbxYZzVHUrv-AhR6KZzGo0A,2011-03-08T05:55:02Z
0U_jGVEKr9s,The Strokes - Taken for a Fool (Official Music Video),UC_JnlnBEy6F7CuwIQ-KSGBg,2011-07-08T07:00:00Z
s0trVuuUOY8,SOPRANO - REGARDE-MOI [CLIP OFFICIEL],UCYne4N06sHVhRBXS0Lq5D8g,2011-04-14T21:01:58Z
lj6tWFzwwkQ,iwan fals - ujung aspal pondok gede,UCr87n_DxXQm9CgObF_6O20g,2011-09-17T13:08:12Z
fbafd6UV3w4,Swedish House Mafia vs. Knife Party - Antidote,UCtHY_7BXK9Bn3Dp3cjBgCLA,2011-12-19T08:01:00Z
k0BWlvnBmIE,Katy Perry - Wide Awake (Official Video),UC-8Q-hLdECwQmaWNwXitYDw,2012-06-18T23:53:07Z
1y6smkh6c-0,Swedish House Mafia ft. John Martin - Don&#39;t You Worry Child (Official Video),UCtHY_7BXK9Bn3Dp3cjBgCLA,2012-09-14T13:00:34Z
Y1xs_xPb46M,One Direction - One Thing,UCbW18JZRgko_mOGm5er8Yzg,2012-01-13T16:00:00Z
e-fA-gBCkj0,Bruno Mars - Locked Out Of Heaven (Official Video),UCoUM-UJ7rirJYP8CQ0EIaHA,2012-10-15T19:03:03Z
AbPED9bisSc,One Direction - Live While We&#39;re Young,UCbW18JZRgko_mOGm5er8Yzg,2012-09-20T17:04:23Z
WA4iX5D9Z64,Taylor Swift - We Are Never Ever Getting Back Together,UCANLZYMidaCbLQFWXBC95Jg,2012-09-01T00:00:08Z
vNoKguSdy4Y,Taylor Swift - I Knew You Were Trouble,UCANLZYMidaCbLQFWXBC95Jg,2012-12-14T22:15:07Z
xGPeNN9S0Fg,One Direction - Little Things,UCbW18JZRgko_mOGm5er8Yzg,2012-11-02T17:06:36Z
JRWox-i6aAk,Lana Del Rey - Blue Jeans (Official Music Video),UC3N5y6UWKJaKqoU2b_0MfTQ,2012-03-20T02:03:15Z
cMPEd8m79Hw,Taylor Swift - Begin Again,UCANLZYMidaCbLQFWXBC95Jg,2012-10-24T04:01:06Z
Ee_uujKuJMI,Green Day - American Idiot [OFFICIAL VIDEO],UCqC_GY2ZiENFz2pwL0cSfAw,2012-08-22T00:41:14Z
RzhAS_GnJIc,Safe &amp; Sound feat. The Civil Wars (The Hunger Games: Songs From District 12 And Beyond),UCANLZYMidaCbLQFWXBC95Jg,2012-02-16T17:30:41Z
oxqnFJ3lp5k,Train - Drive By (Official Music Video),UC5e_2fVZJ2heCb799A04AtA,2012-02-15T08:00:00Z
mtf7hC17IBM,Kodaline - All I Want (Part 1),UCfm1wtWNhY4Q09K0PX_h9Mw,2012-09-09T07:00:11Z
Ek0SgwWmF9w,Muse - Madness,UCGGhM6XCSJFQ6DTRffnKRIw,2012-09-05T07:00:58Z
b-RQIN3wo5U,One Direction - More Than This (Up All Night: The Live Tour),UCbW18JZRgko_mOGm5er8Yzg,2012-05-10T20:40:07Z
VOgFZfRVaww,Imagine - John Lennon &amp; The Plastic Ono Band (w The Flux Fiddlers) (Ultimate Mix 2018) - 4K REMASTER,UCYU4eunPInnHTNWfGvOgkbg,2012-12-20T12:04:49Z
L6X0PqIWfzQ,LP - Halo (Beyonce Cover) [Live],UCGZhNQ6mRnvLa0_oVJNG_kA,2012-04-16T23:49:42Z
sxDdEPED0h8,Lana Del Rey - National Anthem (Official Music Video),UC3N5y6UWKJaKqoU2b_0MfTQ,2012-09-05T11:51:38Z
Gwx4iTRLXG8,P!nk - Just Give Me A Reason (Official Lyric Video),UCXJDX1KK6t121Z9FLhu5o2A,2012-09-11T17:50:29Z
PDboaDrHGbA,Swedish House Mafia - Greyhound,UCtHY_7BXK9Bn3Dp3cjBgCLA,2012-03-13T12:00:08Z
N1EwYpfUFQU,Gusttavo Lima - Gatinha Assanhada,UCXooz9whNJZBRTHi9AqdjPw,2012-08-09T23:39:42Z
GSBFehvLJDc,Train - 50 Ways to Say Goodbye (Official Music Video),UC5e_2fVZJ2heCb799A04AtA,2012-06-29T07:00:32Z
6wBzR7zhA0g,One Direction - Little Things (Lyric Video),UCbW18JZRgko_mOGm5er8Yzg,2012-10-29T07:00:37Z
IWwMqa-_210,Green Day: &quot;Oh Love&quot; - [Official Video],UCqC_GY2ZiENFz2pwL0cSfAw,2012-08-16T23:50:03Z
g0XpNvLWimo,KARA(카라) - PANDORA(판도라) Music Video,UCbxYZzVHUrv-AhR6KZzGo0A,2012-08-22T04:21:50Z
gcMn_Eu-XTE,Taylor Swift - We Are Never Ever Getting Back Together (Lyric Video),UCANLZYMidaCbLQFWXBC95Jg,2012-08-14T16:42:22Z
XAXE3JANcsU,One Direction - Kiss You (Lyric Video),UCbW18JZRgko_mOGm5er8Yzg,2012-12-19T20:00:35Z
-3D5FwwtNVM,Katy Perry - Wide Awake (Lyric Video),UC-8Q-hLdECwQmaWNwXitYDw,2012-05-21T00:00:11Z
13oXf68zRcM,Bruno Mars - Locked out of Heaven [Live in Paris],UCoUM-UJ7rirJYP8CQ0EIaHA,2012-12-25T18:38:45Z
x0apWO5n7D0,One Direction - Up All Night (VEVO LIFT),UCbW18JZRgko_mOGm5er8Yzg,2012-04-20T15:40:07Z
r-skZimFOOI,One Direction - What Makes You Beautiful (Live),UCbW18JZRgko_mOGm5er8Yzg,2012-03-09T12:53:29Z
Cvg0S-6ibpo,Rola（ローラ） &quot;Call Me Maybe&quot; from TOKYO,UCl2aT0nRejTCQO_LHZAftBw,2012-09-11T09:33:18Z
tPnK39ax_AM,Lifehouse - Hanging By A Moment (Official Video),UCHshg-iDhy6qr4aiZgfC1yg,2012-09-05T07:00:14Z
gEX21myCfU8,桑田佳祐 - 白い恋人達（Short ver.）,UCaZ17KNeiVkQkeG7i2WDOnQ,2012-06-10T17:00:14Z
sN0b-adUt9I,Green Day - &quot;Stray Heart&quot; (Official Video),UCqC_GY2ZiENFz2pwL0cSfAw,2012-11-07T20:32:26Z
k75GLjixDAs,星野源 – 夢の外へ (Official Video),UC4YT50DP7hbMsor8FmyEPMw,2012-06-21T15:00:12Z
NRtWInxI1pg,LP - Into The Wild [Official Music Video],UCGZhNQ6mRnvLa0_oVJNG_kA,2012-10-04T16:22:33Z
6kxLeC9r45k,Madonna - Girl Gone Wild,UCmQmc-Y4N9btVMUS1BfnyDw,2012-03-26T07:00:09Z
0sw54Pdh_m8,Fine Young Cannibals - She Drives Me Crazy (1989),UCdzPPkmuYmhjDyckAgfZigA,2012-01-16T03:59:34Z
dG6-bU6esKo,Lifehouse ft. Natasha Bedingfield - Between The Raindrops (Official Video),UCHshg-iDhy6qr4aiZgfC1yg,2012-11-09T08:00:56Z
70mFzILBQtI,Юрий Шатунов - Седая ночь /Official Video 2002,UCuIzwjfti6l3pQfpvnb8FMg,2012-06-16T20:41:32Z
1fjE4x9R1Zo,"Jai Dakshineshwar Kali Maa, HEMA MALINI i GULSHAN KUMAR, ANURADHA PAUDWAL, ADITYA PAUDWAL,ALOKNATH I",UCaayLD9i5x4MmIoVZxXSv_g,2012-04-04T12:43:07Z
Mq9zhpBweDk,Muse - Madness (Lyric Video),UCGGhM6XCSJFQ6DTRffnKRIw,2012-08-20T18:30:42Z
Qcj7C2hOzYE,One Direction - What Makes You Beautiful (VEVO LIFT),UCbW18JZRgko_mOGm5er8Yzg,2012-04-20T15:40:07Z
6AozElbRnTM,サカナクション - 夜の踊り子（MUSIC VIDEO） -BEST ALBUM「魚図鑑」(3/28release)-,UC4YT50DP7hbMsor8FmyEPMw,2012-08-28T08:35:19Z
SHpCEUO3JJA,Jee Aayan Nu | Full Punjabi Movie | Harbhajan Mann | Priya Gill,UCcvNYxWXR_5TjVK7cSCdW-g,2012-07-24T06:45:42Z
UvRU4BCOX8Q,"चल काँवरिया शिव के धाम I Chal Kanwariya Shiv Ke Dham I Watch online Hindi Full Movie, Full Hind Film",UCaayLD9i5x4MmIoVZxXSv_g,2012-04-03T07:51:27Z
K0jTDqtXy5g,One Direction - Live While We&#39;re Young (Behind The Scenes),UCbW18JZRgko_mOGm5er8Yzg,2012-10-05T18:00:30Z
kiqIush2nTA,HAIM - Don&#39;t Save Me (Official Music Video),UCW0rqnEt1YiuhM7I28l6L2g,2012-11-26T08:00:22Z
W-TE_Ys4iwM,One Direction - Story of My Life,UCbW18JZRgko_mOGm5er8Yzg,2013-11-03T16:00:02Z
o_v9MY_FMcw,One Direction - Best Song Ever,UCbW18JZRgko_mOGm5er8Yzg,2013-07-22T17:10:08Z
Soa3gO7tL-c,Green Day: &quot;Boulevard Of Broken Dreams&quot; - [Official Video],UCqC_GY2ZiENFz2pwL0cSfAw,2013-01-09T01:32:26Z
_sV0S8qWSy0,Ariana Grande - The Way ft. Mac Miller,UC0VOyT2OCBKdQhF3BAbZ-1g,2013-03-28T07:00:15Z
kijpcUv-b8M,Queen - Somebody To Love (Official Video),UCiMhD4jzUqG-IgPzUmmytRQ,2013-08-07T12:43:14Z
Zlot0i3Zykw,Taylor Swift - Red,UCANLZYMidaCbLQFWXBC95Jg,2013-07-03T20:55:08Z
Mi9uNu35Gmk,SEKAI NO OWARI「RPG」,UCOYmRdtvvcQPspSmW8QsJhQ,2013-04-22T23:00:15Z
bJuWlMFToNo,Ariana Grande - Baby I,UC0VOyT2OCBKdQhF3BAbZ-1g,2013-09-06T15:40:02Z
fhcpubAVdmc,Ariana Grande - Right There ft. Big Sean,UC0VOyT2OCBKdQhF3BAbZ-1g,2013-10-30T07:00:00Z
t99KH0TR-J4,Queen - The Show Must Go On (Official Video),UCiMhD4jzUqG-IgPzUmmytRQ,2013-10-15T14:24:31Z
obM5djpq3WY,Gusttavo Lima - Diz Pra Mim (Clipe Oficial),UCXooz9whNJZBRTHi9AqdjPw,2013-05-17T15:14:34Z
D8Ymd-OCucs,Lorde - Tennis Court,UCVrPiUtl29kULN2HIAm244Q,2013-06-24T02:00:42Z
E4povfmX144,Kodaline - High Hopes (Official Music Video),UCfm1wtWNhY4Q09K0PX_h9Mw,2013-01-23T11:00:30Z
A1OqtIqzScI,Green Day: &quot;Holiday&quot; - [Official Video],UCqC_GY2ZiENFz2pwL0cSfAw,2013-01-09T01:32:41Z
nAuM26tkKZY,Gusttavo Lima - Fui Fiel (Clipe Oficial),UCXooz9whNJZBRTHi9AqdjPw,2013-09-16T17:48:49Z
8IjWHBGzsu4,ZAZ - On ira (Clip officiel),UCmQZ7aYY8YH6HHhY2Jx2a9Q,2013-03-27T23:00:19Z
oB4K0scMysc,Queen - These Are The Days Of Our Lives (Official Video),UCiMhD4jzUqG-IgPzUmmytRQ,2013-10-15T14:38:51Z
LgLMA1MR7iE,back number - 高嶺の花子さん,UCl2aT0nRejTCQO_LHZAftBw,2013-06-06T03:39:38Z
43D_nBGfuGY,Mr.Children「３６５日」Mr.Children TOUR POPSAURUS 2012,UCXteDRy5qB0IjA8WPusCJ7w,2013-06-04T15:00:04Z
RzuXZfKg2YM,Kodaline - All I Want (Part 2),UCfm1wtWNhY4Q09K0PX_h9Mw,2013-10-03T23:01:00Z
g2N0TkfrQhY,Queen - Innuendo (Official Video),UCiMhD4jzUqG-IgPzUmmytRQ,2013-10-15T14:23:02Z
qfGggAGITwg,2CELLOS - Highway To Hell feat. Steve Vai [OFFICIAL VIDEO],UCyjuFsbclXyntSRMBAILzbw,2013-08-07T16:26:24Z
8BeGx1hiEWo,Mr.Children「抱きしめたい」Mr.Children［(an imitation) blood orange］Tour,UCXteDRy5qB0IjA8WPusCJ7w,2013-12-17T15:00:05Z
QuijXg8wm28,Taylor Swift - The Last Time ft. Gary Lightbody,UCANLZYMidaCbLQFWXBC95Jg,2013-11-16T01:06:06Z
ReK9MVrOq0w,Ariana Grande - Last Christmas (Audio),UC0VOyT2OCBKdQhF3BAbZ-1g,2013-11-22T04:00:00Z
ADqLniFy6ww,GReeeeN - 「あいうえおんがく♬」PV (メインヴァージョン）,UCl2aT0nRejTCQO_LHZAftBw,2013-06-10T19:00:22Z
5KNEZJ6KkLI,Jonas Brothers - Burnin&#39; Up (Official Music Video),UCfyi9QuDWdapI6ICbjYgxtA,2013-03-29T14:51:10Z
xXA5StMti8c,Mr.Children 「しるし」 MUSIC VIDEO,UCXteDRy5qB0IjA8WPusCJ7w,2013-05-28T14:58:52Z
bMPOMT251mQ,"Queen - Bohemian Rhapsody (Live In Budapest, 1986)",UCiMhD4jzUqG-IgPzUmmytRQ,2013-08-01T22:44:46Z
Mx0xCI1jaUM,2CELLOS - Smooth Criminal [OFFICIAL VIDEO],UCyjuFsbclXyntSRMBAILzbw,2013-07-27T16:09:15Z
pstVCGyaUBM,Lorde - Buzzcut Season,UCVrPiUtl29kULN2HIAm244Q,2013-11-15T13:30:32Z
avM_UsVo0IA,Muse - Supremacy (Official Video),UCGGhM6XCSJFQ6DTRffnKRIw,2013-02-07T14:29:59Z
Od6hY_50Dh0,Queen - I&#39;m Going Slightly Mad (Official Video),UCiMhD4jzUqG-IgPzUmmytRQ,2013-10-15T14:22:23Z
RVDc6bYy3j4,Kings Of Leon - Beautiful War (Official Music Video),UC09rjW-THj6e3WgMKSc5Bvg,2013-11-22T12:00:04Z
EXxaBXKjl6Q,Mr.Children 「HANABI」 MUSIC VIDEO,UCXteDRy5qB0IjA8WPusCJ7w,2013-05-28T14:58:52Z
ivbO3s1udic,Queen - Too Much Love Will Kill You (Official Video),UCiMhD4jzUqG-IgPzUmmytRQ,2013-10-15T14:29:44Z
AHitulGaS9k,Jonas Brothers - Pom Poms,UCfyi9QuDWdapI6ICbjYgxtA,2013-04-02T22:55:06Z
izzY55ACUQo,Kings Of Leon - Supersoaker (Official Music Video),UC09rjW-THj6e3WgMKSc5Bvg,2013-08-06T07:00:18Z
Nxwt_s1lM04,Mr.Children 「Tomorrow never knows」 MUSIC VIDEO,UCXteDRy5qB0IjA8WPusCJ7w,2013-05-28T14:58:52Z
HSry5-qfVFs,Jonas Brothers - Year 3000,UCfyi9QuDWdapI6ICbjYgxtA,2013-03-29T14:10:17Z
-OGd4gplxQM,Queen - One Vision (Extended) 1985 [Official Video],UCiMhD4jzUqG-IgPzUmmytRQ,2013-10-16T15:26:08Z
4wuWJ7GAc2s,Mr.Children 「Sign」 MUSIC VIDEO,UCXteDRy5qB0IjA8WPusCJ7w,2013-05-28T14:58:52Z
Lv679SxziHQ,Sam Smith - Nirvana (Audio),UCvpDeGlR5wLP9Z3Tb6K0Xfg,2013-08-21T18:35:54Z
EbBGkqll8lI,Jonas Brothers - S.O.S.,UCfyi9QuDWdapI6ICbjYgxtA,2013-03-29T14:06:03Z
9IclmVdWNbI,Green Day: &quot;Know Your Enemy&quot; - [Official Video],UCqC_GY2ZiENFz2pwL0cSfAw,2013-01-09T01:32:52Z
IkAOasSJro0,Kodaline - Love Like This,UCfm1wtWNhY4Q09K0PX_h9Mw,2013-04-30T07:00:20Z
vLimdVcpsYk,One Direction - Kiss You (Alt. Version),UCbW18JZRgko_mOGm5er8Yzg,2013-03-27T07:00:11Z
MKpCDz0UjW4,Jonas Brothers - Lovebug (Official Video),UCfyi9QuDWdapI6ICbjYgxtA,2013-03-29T14:52:19Z
f_RjlIPuqyc,2CELLOS - Benedictus (by Karl Jenkins) [LIVE at Arena Zagreb],UCyjuFsbclXyntSRMBAILzbw,2013-07-29T08:04:20Z
CHiIm50fsNI,Jonas Brothers - When You Look Me In The Eyes,UCfyi9QuDWdapI6ICbjYgxtA,2013-03-29T14:15:02Z
L8eRzOYhLuw,Ariana Grande - Break Free ft. Zedd,UC0VOyT2OCBKdQhF3BAbZ-1g,2014-08-13T00:55:01Z
g5qU7p7yOY8,"Ariana Grande, The Weeknd - Love Me Harder (Official Video)",UC0VOyT2OCBKdQhF3BAbZ-1g,2014-11-03T08:00:05Z
_kqQDCxRCzM,One Direction - You &amp; I,UCbW18JZRgko_mOGm5er8Yzg,2014-04-18T15:00:04Z
uT3SBzmDxGk,2CELLOS - Thunderstruck [OFFICIAL VIDEO],UCyjuFsbclXyntSRMBAILzbw,2014-02-18T22:06:42Z
VHrLPs3_1Fs,George Ezra - Budapest (Official Music Video),UC9xncyB15xEnnWfgBp8wAeg,2014-04-21T23:00:00Z
bkx9kCdaaMg,One Direction - Midnight Memories,UCbW18JZRgko_mOGm5er8Yzg,2014-01-31T16:00:07Z
mytLRy32Viw,Shawn Mendes - Something Big,UC4-TgOSMJHn-LtY4zCzbQhw,2014-11-11T16:00:12Z
BjwDV1Is34U,Let It Go - Sing Along - Song: DIE EISKÖNIGIN - VÖLLIG UNVERFROREN - Music: Frozen - Disney,UCvv3SF2SzAAOAkvs_r7vEvA,2014-03-03T15:29:47Z
SoJ8s90NLc4,Ariana Grande - Problem (Lyric Video) ft. Iggy Azalea,UC0VOyT2OCBKdQhF3BAbZ-1g,2014-05-01T07:00:01Z
sIWgF4QB89A,Shawn Mendes - Show You,UC4-TgOSMJHn-LtY4zCzbQhw,2014-07-29T21:01:51Z
ZS0WvzRVByg,George Ezra - Listen to the Man (Official Music Video),UC9xncyB15xEnnWfgBp8wAeg,2014-10-29T00:00:01Z
5fcTCMWx2-s,Shawn Mendes - Life Of The Party (Lyric Video),UC4-TgOSMJHn-LtY4zCzbQhw,2014-07-01T00:30:00Z
PCp2iXA1uLE,フレデリック「オドループ」Music Video | Frederic &quot;oddloop&quot;,UCdIGbKA_8trRiOq7eGZ7oSA,2014-08-27T15:00:05Z
w9V3x61D994,SEKAI NO OWARI「炎と森のカーニバル」,UCOYmRdtvvcQPspSmW8QsJhQ,2014-03-31T23:00:01Z
SgTEzuXhanU,Shawn Mendes - The Weight,UC4-TgOSMJHn-LtY4zCzbQhw,2014-08-03T18:00:07Z
szGomck3sZI,"Ariana Grande, The Weeknd - Love Me Harder (Lyric Video)",UC0VOyT2OCBKdQhF3BAbZ-1g,2014-10-18T00:00:55Z
H4ifSrE8iSg,George Ezra - Blame It on Me,UC9xncyB15xEnnWfgBp8wAeg,2014-08-11T23:00:00Z
Fna56a_r41s,Queen - I Was Born To Love You - 2004 Video,UCiMhD4jzUqG-IgPzUmmytRQ,2014-09-08T09:00:01Z
_4BLiOP1aaY,BUMP OF CHICKEN「ray」,UCOfESRUR5duQ2hMnTQ4oqhA,2014-03-06T23:00:14Z
Fum3g86zUPc,U2 - Ordinary Love (Live on The Tonight Show),UCpd21W3qWyzIl8-PXvyDA2g,2014-02-19T03:00:01Z
WWuDiwr30SI,Sam Paganini - Rave (Original Mix) [DRUMCODE],UCPkgp7lzgNnDMvMvJeLTFAQ,2014-09-15T18:07:21Z
vkcTN70fnXA,SEKAI NO OWARI「スノーマジックファンタジー」,UCOYmRdtvvcQPspSmW8QsJhQ,2014-01-14T23:00:01Z
sahsquWlw5I,One Direction - Steal My Girl (Audio),UCbW18JZRgko_mOGm5er8Yzg,2014-09-29T11:00:06Z
WUOtCLOXgm8,Queen - I Want to Break Free (Official Lyric Video),UCiMhD4jzUqG-IgPzUmmytRQ,2014-04-01T08:00:00Z
k7D6CguCXqc,クリス・ハート - I LOVE YOU,UCl2aT0nRejTCQO_LHZAftBw,2014-02-20T19:00:03Z
_bXTbfnWPqk,One Direction - Fireproof (Audio),UCbW18JZRgko_mOGm5er8Yzg,2014-09-22T07:00:04Z
pW7W8hbdhX8,One Direction - No Control (Audio),UCbW18JZRgko_mOGm5er8Yzg,2014-11-17T08:00:07Z
YuCpTi0EtbU,Leonard Cohen - I&#39;m Your Man (Live in Dublin - edited),UCXWB-kykEYmLveG3Sw0LPOA,2014-12-02T08:00:01Z
CsRgs9GBky8,back number「ヒロイン」Music Video,UCl2aT0nRejTCQO_LHZAftBw,2014-12-25T08:30:04Z
ShhoC3nHX8E,Mr.Children 「足音 〜Be Strong」 MUSIC VIDEO,UCXteDRy5qB0IjA8WPusCJ7w,2014-11-05T15:06:35Z
Ljg6g7BAdQo,HAIM - If I Could Change Your Mind (Official Video),UCW0rqnEt1YiuhM7I28l6L2g,2014-02-25T00:00:01Z
ubztYMkI3fY,George Ezra - Cassy O&#39; (Official Music Video),UC9xncyB15xEnnWfgBp8wAeg,2014-02-25T00:00:00Z
-L9dqdDX9Ow,テイラー・スウィフト - 「シェイク・イット・オフ」（日本語字幕付）,UCl2aT0nRejTCQO_LHZAftBw,2014-09-09T02:54:17Z
hf4kyTBbbH4,荻野目洋子／ダンシング・ヒーロー(Eat You Up) MV [New Dance Ver.] (Short Ver.),UC4YT50DP7hbMsor8FmyEPMw,2014-07-17T20:00:04Z
j2ft_4b8vm8,back number - 繋いだ手から,UCl2aT0nRejTCQO_LHZAftBw,2014-02-14T15:00:04Z
8Mt5d5hSyv8,George Ezra - Blame It on Me (Lyric Video),UC9xncyB15xEnnWfgBp8wAeg,2014-06-19T18:45:00Z
jNziABZJhj0,2CELLOS - With Or Without You [LIVE at Arena Pula],UCyjuFsbclXyntSRMBAILzbw,2014-01-14T00:15:14Z
LiEMLOk9BwU,George Ezra - Budapest (Alternative Video),UC9xncyB15xEnnWfgBp8wAeg,2014-01-28T00:00:01Z
eKLBiC-b3O0,One Direction - Ready to Run (Audio),UCbW18JZRgko_mOGm5er8Yzg,2014-11-17T08:00:05Z
S7qZRbbfraw,2CELLOS - Shape Of My Heart [OFFICIAL VIDEO],UCyjuFsbclXyntSRMBAILzbw,2014-12-09T13:58:28Z
N39glrfql0I,KEYTALK/「MONSTER DANCE」MUSIC VIDEO,UC4YT50DP7hbMsor8FmyEPMw,2014-10-16T02:41:15Z
0wI4Ckiss6s,One Direction - Act My Age (Audio),UCbW18JZRgko_mOGm5er8Yzg,2014-11-18T17:20:16Z
yT_ylSCgY6Q,BUMP OF CHICKEN feat. HATSUNE MIKU「ray」,UCOfESRUR5duQ2hMnTQ4oqhA,2014-03-12T23:00:12Z
ttEMYvpoR-k,Leonard Cohen - Hallelujah (Audio),UCXWB-kykEYmLveG3Sw0LPOA,2014-09-22T22:35:10Z
DgEiDc1aXr0,"Leonard Cohen - So Long, Marianne (Live in Dublin - edited)",UCXWB-kykEYmLveG3Sw0LPOA,2014-11-21T08:00:03Z
3ch6eXkQWU8,Lauren Daigle - In Christ Alone (Acoustic),UCPJFvbf8tNE9-_aYgeXfdKA,2014-03-26T16:58:05Z
qIMGuSZbmFI,ZAZ - Je veux (Live),UCmQZ7aYY8YH6HHhY2Jx2a9Q,2014-09-05T15:45:15Z
R2h6KIpBums,One Direction - Story of My Life (One Direction: The TV Special),UCbW18JZRgko_mOGm5er8Yzg,2014-12-24T08:00:07Z
nItYgMJBMA0,Kings Of Leon - Temple (Official Music Video),UC09rjW-THj6e3WgMKSc5Bvg,2014-02-28T08:00:02Z
BDEbM-dcbcI,Gusttavo Lima - Na Hora H / Passou da Conta ... - [DVD Inventor dos Amores] (Clipe Oficial),UCXooz9whNJZBRTHi9AqdjPw,2014-03-31T11:38:58Z
VbfpW0pbvaU,Shawn Mendes - Stitches (Official Video),UC4-TgOSMJHn-LtY4zCzbQhw,2015-06-25T00:00:01Z
lf_wVfwpfp8,Ariana Grande - Focus,UC0VOyT2OCBKdQhF3BAbZ-1g,2015-10-30T04:01:00Z
Jwgf3wmiA04,One Direction - Drag Me Down (Official Video),UCbW18JZRgko_mOGm5er8Yzg,2015-08-21T05:30:00Z
eCyMh-mZ1B0,Marília Mendonça - Infiel - Vídeo Oficial do DVD,UCwfEOn0O1DWcyTgzVVu28ig,2015-07-25T17:20:12Z
Ho32Oh6b4jc,One Direction - Perfect (Official Video),UCbW18JZRgko_mOGm5er8Yzg,2015-10-20T23:00:00Z
ngORmvyvAaI,"Shawn Mendes, Camila Cabello - I Know What You Did Last Summer (Official Video)",UC4-TgOSMJHn-LtY4zCzbQhw,2015-11-20T20:30:01Z
a1w0lsZX8Lk,Marília Mendonça - Alô Porteiro - Vídeo Oficial do DVD,UCwfEOn0O1DWcyTgzVVu28ig,2015-08-05T18:14:56Z
Wg92RrNhB8s,Ariana Grande - One Last Time (Lyric Video),UC0VOyT2OCBKdQhF3BAbZ-1g,2015-02-06T17:00:05Z
7hPMmzKs62w,Madonna - Bitch I&#39;m Madonna ft. Nicki Minaj,UCmQmc-Y4N9btVMUS1BfnyDw,2015-06-18T07:00:01Z
mdiX9gfiBjU,Marília Mendonça - Sentimento Louco - Vídeo Oficial do DVD,UCwfEOn0O1DWcyTgzVVu28ig,2015-08-06T18:13:30Z
JPWjJlNtE_w,Marília Mendonça - Como faz com ela - Vídeo Oficial do DVD,UCwfEOn0O1DWcyTgzVVu28ig,2015-07-26T22:00:00Z
HL_uHQDi_0w,Marília Mendonça Impasse Part Henrique e Juliano - Vídeo Oficial do DVD,UCwfEOn0O1DWcyTgzVVu28ig,2015-07-14T18:06:29Z
CxKRaR6kFYs,Marília Mendonça - O Que Falta Em Você Sou Eu - Vídeo Oficial do DVD,UCwfEOn0O1DWcyTgzVVu28ig,2015-08-07T19:00:00Z
2HwD3wliSgw,Marília Mendonça - Folgado - Vídeo Oficial do DVD,UCwfEOn0O1DWcyTgzVVu28ig,2015-07-29T00:00:00Z
RRozxcyu0kI,Marília Mendonça - Quatro e quinze - Vídeo Oficial do DVD,UCwfEOn0O1DWcyTgzVVu28ig,2015-07-29T19:00:00Z
wqtRqLWe8Uo,Marília Mendonça - O Que É Amor Pra Você - Vídeo Oficial do DVD,UCwfEOn0O1DWcyTgzVVu28ig,2015-07-21T00:02:42Z
cUsYWdJzmeM,Marília Mendonça - Meu Cupido é Gari - Vídeo Oficial do DVD,UCwfEOn0O1DWcyTgzVVu28ig,2015-08-14T18:12:37Z
9B7_KTYrTeM,Marília Mendonça - Essas Nossas Brigas - Vídeo Oficial do DVD,UCwfEOn0O1DWcyTgzVVu28ig,2015-08-09T22:00:00Z
N7VCLNBNJQs,Shawn Mendes - Never Be Alone,UC4-TgOSMJHn-LtY4zCzbQhw,2015-02-25T23:00:01Z
JfgOjtq440o,back number - 「クリスマスソング」Music Video,UCl2aT0nRejTCQO_LHZAftBw,2015-10-27T06:00:01Z
M0y38wobAyo,Marília Mendonça - Esse Cara Aqui Do Lado - Vídeo Oficial do DVD,UCwfEOn0O1DWcyTgzVVu28ig,2015-07-27T23:39:05Z
C-o8pTi6vd8,＜ノラガミARAGOTO＞OPテーマ  THE ORAL CIGARETTES「狂乱 Hey Kids!!」MusicVideo,UCdIGbKA_8trRiOq7eGZ7oSA,2015-10-14T09:00:00Z
hP23CNAyPQ4,Marília Mendonça - Me Desculpe Mas Eu Sou Fiel - Vídeo Oficial do DVD,UCwfEOn0O1DWcyTgzVVu28ig,2015-08-08T20:00:00Z
TOTV-LPQz4I,Marília Mendonça - Entre Quatro Paredes - Vídeo Oficial do DVD,UCwfEOn0O1DWcyTgzVVu28ig,2015-08-17T20:43:53Z
xXEx0DyIMks,Shawn Mendes - Imagination (Audio),UC4-TgOSMJHn-LtY4zCzbQhw,2015-04-14T07:00:04Z
rEPjVthTNWg,Marília Mendonça - Silêncio - Vídeo Oficial do DVD,UCwfEOn0O1DWcyTgzVVu28ig,2015-07-30T13:21:43Z
5ZDsCJ4rGD4,ZAZ - Si jamais j&#39;oublie (Clip officiel),UCmQZ7aYY8YH6HHhY2Jx2a9Q,2015-09-07T15:05:17Z
cNvrW9a_aLs,Shawn Mendes - Aftertaste,UC4-TgOSMJHn-LtY4zCzbQhw,2015-04-17T16:00:04Z
UqLRqzTp6Rk,Muse - Psycho [Official Lyric Video],UCGGhM6XCSJFQ6DTRffnKRIw,2015-03-12T17:47:19Z
TObtwHlfLFk,Shawn Mendes &amp; Hailee Steinfeld - Stitches ft. Hailee Steinfeld,UC4-TgOSMJHn-LtY4zCzbQhw,2015-07-28T19:00:00Z
4FDIWr0K6sA,Marília Mendonça - Hoje Somos Só Metade - Vídeo Oficial do DVD,UCwfEOn0O1DWcyTgzVVu28ig,2015-07-24T12:20:03Z
rOU4YiuaxAM,"BUMP OF CHICKEN「Hello,world!」",UCOfESRUR5duQ2hMnTQ4oqhA,2015-04-30T23:00:00Z
gsVGf1T2Hfs,SEKAI NO OWARI - Dragon Night,UCOYmRdtvvcQPspSmW8QsJhQ,2015-06-16T14:59:55Z
3exsRhw3xt8,UNISON SQUARE GARDEN「シュガーソングとビターステップ」ショートVer.,UC1uZYgOfncA-Gnk0GsLVK5A,2015-05-15T09:00:00Z
I5sJhSNUkwQ,Muse - Dead Inside [Official Music Video],UCGGhM6XCSJFQ6DTRffnKRIw,2015-04-28T15:59:18Z
5sGOwFVUU0I,Måns Zelmerlöw - Heroes (Sweden) - LIVE at Eurovision 2015 Grand Final,UCRpjHHu8ivVWs73uxHlWwFA,2015-05-23T20:14:11Z
GgDxv0Qg_Rg,Madonna - Ghosttown,UCmQmc-Y4N9btVMUS1BfnyDw,2015-04-08T17:20:00Z
u9h7Teiyvc8,Madonna - Living For Love (Official Video),UCmQmc-Y4N9btVMUS1BfnyDw,2015-02-06T18:00:03Z
l-9VZZWtMfQ,2CELLOS - They Don&#39;t Care About Us - Michael Jackson [OFFICIAL VIDEO],UCyjuFsbclXyntSRMBAILzbw,2015-04-28T14:35:53Z
xLPGtQoRUbk,Kodaline - The One (Official Music Video),UCfm1wtWNhY4Q09K0PX_h9Mw,2015-02-23T00:00:00Z
yj8Xpdx60Ws,Muse - Mercy [Official Music Video],UCGGhM6XCSJFQ6DTRffnKRIw,2015-06-08T18:59:39Z
QiEz1GleIbs,Shawn Mendes - Kid In Love (Audio),UC4-TgOSMJHn-LtY4zCzbQhw,2015-04-06T16:01:00Z
v9V5aByfeCM,SEKAI NO OWARI「ANTI-HERO」,UCOYmRdtvvcQPspSmW8QsJhQ,2015-07-14T23:00:00Z
Q2gbKglCL5s,Polina Gagarina - A Million Voices (Russia) - LIVE at Eurovision 2015: Semi-Final 1,UCRpjHHu8ivVWs73uxHlWwFA,2015-05-19T21:42:59Z
5DiMoehAeOU,RELAXING PIANO Disney Piano Collection 3 HOUR LONG (Piano Covered by kno),UCunvH2-1iyfjlEVDA8fsBNA,2015-03-06T22:36:41Z
DVnz9iyolLA,"Ariana Grande, The Weeknd - Love Me Harder (Acoustic)",UC0VOyT2OCBKdQhF3BAbZ-1g,2015-01-12T08:00:05Z
BF1DQr5dKW8,Muse - The Handler [Official Lyric Video],UCGGhM6XCSJFQ6DTRffnKRIw,2015-06-02T23:13:16Z
iYVEik7Lvc4,U2 - Every Breaking Wave,UCpd21W3qWyzIl8-PXvyDA2g,2015-02-23T18:00:00Z
gcNEC9NaJuE,Muse - Reapers [Official Lyric Video],UCGGhM6XCSJFQ6DTRffnKRIw,2015-05-29T18:22:21Z
55GnWyJf1Gw,Shawn Mendes - I Don&#39;t Even Know Your Name (Audio),UC4-TgOSMJHn-LtY4zCzbQhw,2015-04-14T07:00:01Z
lY2yjAdbvdQ,Shawn Mendes - Treat You Better,UC4-TgOSMJHn-LtY4zCzbQhw,2016-07-12T17:00:05Z
sS2yCCi2Mek,Marília Mendonça - Eu Sei De Cor - DVD Realidade,UCwfEOn0O1DWcyTgzVVu28ig,2016-10-20T18:00:04Z
by3yRdlQvzs,Khalid - Location (Official Video),UCcN-NDV03eHs6oLd1pe2r8w,2016-09-26T20:00:01Z
yjmp8CoZBIo,One Direction - History (Official Video),UCbW18JZRgko_mOGm5er8Yzg,2016-01-26T16:00:04Z
KkGVmN68ByU,Shawn Mendes - Mercy,UC4-TgOSMJHn-LtY4zCzbQhw,2016-09-21T14:00:01Z
5WL672bjJgM,Ariana Grande - Let Me Love You (Official) ft. Lil Wayne,UC0VOyT2OCBKdQhF3BAbZ-1g,2016-05-23T04:00:00Z
Vz9EXeF01A8,Gusttavo Lima - Homem de Família - DVD 50/50 (Vídeo Oficial),UCXooz9whNJZBRTHi9AqdjPw,2016-06-09T23:27:56Z
iUCJhD_2zmA,Soprano - En feu (Clip officiel),UCYne4N06sHVhRBXS0Lq5D8g,2016-08-03T07:59:37Z
2QTCKfVN1ZE,Marília Mendonça - Eu Sei De Cor #MariliaMendoncaEuSeiDeCor (Agora é que são elas),UCwfEOn0O1DWcyTgzVVu28ig,2016-08-25T19:00:01Z
TFrMDGfW_Sg,Ariana Grande - Dangerous Woman (Audio),UC0VOyT2OCBKdQhF3BAbZ-1g,2016-03-11T08:00:30Z
lWv-Mm8xKig,Marília Mendonça – Infiel #MariliaMendoncaAgoraéQueSaoElas,UCwfEOn0O1DWcyTgzVVu28ig,2016-09-22T19:00:04Z
TMar-QdQPlc,Marília Mendonça - Saudade Do Meu Ex #MariliaMendoncaSaudadeDoMeuEX (Agora é que são elas),UCwfEOn0O1DWcyTgzVVu28ig,2016-09-08T19:00:01Z
hzWDXge2ANM,back number - 「ハッピーエンド」Music Video,UCl2aT0nRejTCQO_LHZAftBw,2016-10-18T19:00:02Z
vAs7H_OoCeM,Khalid - Coaster (Audio),UCcN-NDV03eHs6oLd1pe2r8w,2016-12-16T08:00:03Z
b0BgEGNnOaM,Marília Mendonça - O Que é Que Você Viu Em Mim - Vídeo Oficial 2016,UCwfEOn0O1DWcyTgzVVu28ig,2016-04-29T19:00:01Z
A42N4IygFcg,Ariana Grande - Side To Side (Live from the 2016 MTV VMAs) ft. Nicki Minaj,UC0VOyT2OCBKdQhF3BAbZ-1g,2016-08-29T05:00:00Z
J5qWnG5RQTk,Train - Play That Song (Official Video),UC5e_2fVZJ2heCb799A04AtA,2016-11-18T15:00:02Z
saem8nLPEDI,Gusttavo Lima - Cidade Acordada - DVD 50/50 (Vídeo Oficial),UCXooz9whNJZBRTHi9AqdjPw,2016-07-29T16:02:00Z
BdF41Ne2cnQ,Kings Of Leon - WALLS (Official Music Video),UC09rjW-THj6e3WgMKSc5Bvg,2016-09-22T16:30:00Z
oCrwzN6eb4Q,フレデリック「オンリーワンダー」MusicVideo / frederic“ONLYWONDER”,UCdIGbKA_8trRiOq7eGZ7oSA,2016-05-12T09:00:02Z
GLIn9ohPm_o,Marília Mendonça - Não Casa Não - Vídeo Oficial 2016,UCwfEOn0O1DWcyTgzVVu28ig,2016-04-20T19:03:40Z
5VBSaGz0fnc,ZAZ - Tous les cris les S.O.S (Clip officiel),UCmQZ7aYY8YH6HHhY2Jx2a9Q,2016-01-08T09:00:00Z
ytTCU5KiMQA,Gusttavo Lima - Rumo a Goiânia part. Leonardo (Buteco Do Gusttavo Lima),UCXooz9whNJZBRTHi9AqdjPw,2016-02-29T20:54:23Z
Du_5wIB26-M,Aimer 『蝶々結び』 ※野田洋次郎(RADWIMPS)楽曲提供・プロデュース,UCR1zT1s524Hbc85bdvno_8w,2016-07-04T23:00:00Z
qVrM-BxWybA,BUMP OF CHICKEN「Butterfly」,UCOfESRUR5duQ2hMnTQ4oqhA,2016-01-26T15:04:51Z
j440-D5JhjI,Queen - Greatest Hits (2) [1 hour 20 minutes long],UCiMhD4jzUqG-IgPzUmmytRQ,2016-02-01T11:57:27Z
qfsr0S_QGOU,SEKAI NO OWARI「Hey Ho」,UCOYmRdtvvcQPspSmW8QsJhQ,2016-09-30T15:00:05Z
x8yymm3DtVA,2CELLOS - Whole Lotta Love vs. Beethoven 5th Symphony [OFFICIAL VIDEO],UCyjuFsbclXyntSRMBAILzbw,2016-04-08T07:37:03Z
AmAaWCFlxEE,"Kings Of Leon - Chapter 1, Waste a Moment (Official Music Video)",UC09rjW-THj6e3WgMKSc5Bvg,2016-09-14T04:01:00Z
plXjYiRcBtA,BUMP OF CHICKEN「GO」,UCOfESRUR5duQ2hMnTQ4oqhA,2016-12-27T23:00:01Z
mg5Bp_Gzs0s,Green Day - Bang Bang (Official Lyric Video),UCqC_GY2ZiENFz2pwL0cSfAw,2016-08-12T14:01:48Z
m-nCLLnQA5c,Shawn Mendes - Ruin,UC4-TgOSMJHn-LtY4zCzbQhw,2016-07-18T17:11:34Z
boYQovCybYQ,Amir - J&#39;ai cherché (France) 2016 Eurovision Song Contest,UCRpjHHu8ivVWs73uxHlWwFA,2016-03-13T09:00:00Z
SUzsih7QJSY,Green Day - Still Breathing (Official Music Video),UCqC_GY2ZiENFz2pwL0cSfAw,2016-11-07T15:00:51Z
Um9pCMAWd6s,Marília Mendonça - Pare o Avião - Vídeo Oficial 2016,UCwfEOn0O1DWcyTgzVVu28ig,2016-05-04T19:00:00Z
pnTZa4FY_7I,Green Day - Still Breathing (Official Lyric Video),UCqC_GY2ZiENFz2pwL0cSfAw,2016-09-23T04:00:18Z
wjJDcmR1tjY,Gusttavo Lima - Seu Veneno (Buteco do Gusttavo Lima),UCXooz9whNJZBRTHi9AqdjPw,2016-03-01T17:40:01Z
sHJKQT4A3_0,SEKAI NO OWARI「MAGIC」from『The Dinner』,UCOYmRdtvvcQPspSmW8QsJhQ,2016-12-24T15:00:18Z
v0nmHymgM7Y,Leonard Cohen - You Want It Darker (Audio),UCXWB-kykEYmLveG3Sw0LPOA,2016-09-21T07:00:03Z
EcmcT9oai1c,Khalid - Reasons (Audio),UCcN-NDV03eHs6oLd1pe2r8w,2016-12-02T08:00:00Z
PNWsW6c6t8g,Maggie Rogers - Alaska,UChfRct5EhDlJz9iCRiestyw,2016-10-18T13:00:01Z
vNzTsCsPrwI,BUMP OF CHICKEN「アリア」,UCOfESRUR5duQ2hMnTQ4oqhA,2016-09-08T23:00:05Z
vYv7-TSioQM,Shawn Mendes - Mercy (Acoustic),UC4-TgOSMJHn-LtY4zCzbQhw,2016-12-21T20:00:03Z
NAmkiDNUlGk,Shawn Mendes - Mercy (Live On The Honda Stage From The Air Canada Centre),UC4-TgOSMJHn-LtY4zCzbQhw,2016-10-06T00:16:03Z
gHgxi57Um0w,Sergey Lazarev - You Are The Only One (Russia) 2016 Eurovision Song Contest,UCRpjHHu8ivVWs73uxHlWwFA,2016-03-13T23:00:54Z
4i31JcAoM2U,Marília Mendonça – Folgado #MariliaMendoncaAgoraéQueSaoElas,UCwfEOn0O1DWcyTgzVVu28ig,2016-09-22T19:00:01Z
9hgZfwZYt40,Khalid - Hopeless (Audio),UCcN-NDV03eHs6oLd1pe2r8w,2016-10-27T17:00:00Z
eoLwKBJLlBg,back number - 「僕の名前を」Music Video,UCl2aT0nRejTCQO_LHZAftBw,2016-05-09T23:00:01Z
LHPKOy3dtqQ,Green Day - Revolution Radio (Official Lyric Video),UCqC_GY2ZiENFz2pwL0cSfAw,2016-09-10T04:00:42Z
aMmwbMKeXZQ,Gusttavo Lima - A Cor da Esperança (Clipe Oficial),UCXooz9whNJZBRTHi9AqdjPw,2016-03-09T00:05:01Z
dT2owtxkU8k,Shawn Mendes - There&#39;s Nothing Holdin&#39; Me Back,UC4-TgOSMJHn-LtY4zCzbQhw,2017-06-21T04:00:01Z
5hnSlCygsTs,Marília Mendonça - De Quem É A Culpa? - DVD Realidade,UCwfEOn0O1DWcyTgzVVu28ig,2017-01-13T12:59:21Z
OT7PpQEz7rc,Marília Mendonça - Amante Não Tem Lar - DVD Realidade,UCwfEOn0O1DWcyTgzVVu28ig,2017-01-13T12:59:21Z
g8psa0UBZKA,IZA - Pesadão (Participação especial Marcelo Falcão),UCWmh948hhrAwDkOfkzNGAaQ,2017-10-05T21:02:56Z
MHE3lM6nStU,Marília Mendonça - Traição Não Tem Perdão - DVD Realidade,UCwfEOn0O1DWcyTgzVVu28ig,2017-01-13T12:59:20Z
wvln6hFsq1s,Marília Mendonça - Transplante part. Bruno e Marrone,UCwfEOn0O1DWcyTgzVVu28ig,2017-11-13T00:00:19Z
oHmBf4ExtZk,Ariana Grande ft. Future - Everyday (Official Video) ft. Future,UC0VOyT2OCBKdQhF3BAbZ-1g,2017-02-27T05:00:03Z
3K0RzZGpyds,Taylor Swift - Look What You Made Me Do (Lyric Video),UCANLZYMidaCbLQFWXBC95Jg,2017-08-25T03:44:23Z
ne9Qa1x8_rE,Soprano - Roule (Clip officiel),UCYne4N06sHVhRBXS0Lq5D8g,2017-03-17T17:12:57Z
EUoe7cf0HYw,Taylor Swift - Gorgeous (Lyric Video),UCANLZYMidaCbLQFWXBC95Jg,2017-10-20T04:01:22Z
y7e-GC6oGhg,"Beautiful Piano Music 24/7 • Relax, Study, Sleep, Work, Meditate",UCjzHeG1KWoonmf9d5KBvSiw,2017-12-17T10:12:42Z
Dyg32hMf7Fk,Khalid - Saved (Audio),UCcN-NDV03eHs6oLd1pe2r8w,2017-01-13T17:08:17Z
3MRej_lv4ks,Marília Mendonça – Perto de Você - DVD Realidade,UCwfEOn0O1DWcyTgzVVu28ig,2017-01-20T18:00:00Z
sBspSJWRT2E,Queen - Bohemian Rhapsody (Lyrics In Spanish &amp; English / Letras en Inglés y en Español),UCiMhD4jzUqG-IgPzUmmytRQ,2017-06-08T08:00:02Z
-IYIVmoEXa8,Marília Mendonça part. Henrique e Juliano – Mudou A Estação - DVD Realidade,UCwfEOn0O1DWcyTgzVVu28ig,2017-01-27T18:00:00Z
Kcfjhr3rIGg,Marília Mendonça - Não Casa Não - DVD Realidade,UCwfEOn0O1DWcyTgzVVu28ig,2017-01-27T18:00:03Z
2MNL2mU8pBE,Mr.Children「HANABI」 Tour2015 REFLECTION Live,UCXteDRy5qB0IjA8WPusCJ7w,2017-05-09T15:00:36Z
84znrPmOePc,Lewis Capaldi - Bruises (Official Audio),UCp-IaqOaxH7OLYFb9FEHK2A,2017-03-30T23:00:25Z
kp7RJyE1BfU,Marília Mendonça - VOCÊ MUDOU - Homenagem a Cristiano Araújo na Pecuária de Goiânia 2017,UCwfEOn0O1DWcyTgzVVu28ig,2017-06-24T00:00:03Z
PzrxQMFHxIk,Gusttavo Lima - Mil Vezes Cantarei - DVD Buteco do Gusttavo Lima 2 (Vídeo Oficial),UCXooz9whNJZBRTHi9AqdjPw,2017-12-26T18:47:48Z
UudUvcOZyMw,Marília Mendonça – Se Ame Mais - DVD Realidade,UCwfEOn0O1DWcyTgzVVu28ig,2017-02-10T18:00:03Z
s-O_JV8j8wc,back number - 「瞬き」Music Video,UCl2aT0nRejTCQO_LHZAftBw,2017-11-20T19:00:03Z
7OX7dIRReSA,BTS (防弾少年団) &#39;血、汗、涙 -Japanese Ver.-&#39; Official MV,UCl2aT0nRejTCQO_LHZAftBw,2017-05-09T15:00:00Z
m6TXPNybrmk,Kodaline - Brother (Official Video),UCfm1wtWNhY4Q09K0PX_h9Mw,2017-06-23T09:00:06Z
D9LrEXF3USs,2CELLOS - Despacito [OFFICIAL VIDEO],UCyjuFsbclXyntSRMBAILzbw,2017-07-08T16:26:53Z
f9C9aBUQVOg,Marília Mendonça – Ei Saudade - DVD Realidade,UCwfEOn0O1DWcyTgzVVu28ig,2017-01-20T18:00:04Z
OWSDq4_8NiA,Marília Mendonça – Olha Só Você - DVD Realidade,UCwfEOn0O1DWcyTgzVVu28ig,2017-02-03T18:00:01Z
BgcsPtsJTmI,Marília Mendonça – Até o Tempo Passa - DVD Realidade,UCwfEOn0O1DWcyTgzVVu28ig,2017-01-20T18:00:00Z
c2_xWTSyCuU,"Queen - A Kind Of Magic (Live At Wembley Stadium, Friday 11 July 1986)",UCiMhD4jzUqG-IgPzUmmytRQ,2017-03-27T10:00:04Z
J0DjcsK_-HY,Lorde - Perfect Places,UCVrPiUtl29kULN2HIAm244Q,2017-08-03T20:00:30Z
zs1a7hRvty0,IZA - Esse Brilho É Meu,UCWmh948hhrAwDkOfkzNGAaQ,2017-09-26T14:03:46Z
K6ScoGai3A0,Marília Mendonça – Nem Foi e Já Voltou - DVD Realidade,UCwfEOn0O1DWcyTgzVVu28ig,2017-02-03T18:00:01Z
NuIAYHVeFYs,"Beautiful Instrumental Music • 24/7 | Stress Relief | Relaxing Piano, Guitar, Cello, Violin &amp; Flute",UCjzHeG1KWoonmf9d5KBvSiw,2017-12-29T20:19:14Z
AfjteCMzYUo,Mr.Children「Tomorrow never knows」 Tour2015 未完 Live,UCXteDRy5qB0IjA8WPusCJ7w,2017-05-09T15:00:37Z
MslES96hLeo,SEKAI NO OWARI「RAIN」Short Version,UCOYmRdtvvcQPspSmW8QsJhQ,2017-06-22T15:00:31Z
etsjaEmLSfA,Marília Mendonça – A Gente Não Tá Junto – DVD Realidade,UCwfEOn0O1DWcyTgzVVu28ig,2017-02-17T18:00:05Z
YLfkgo-3_sk,椎名林檎 - 長く短い祭 from百鬼夜行,UCRQX-dpFt_osBpH71ItuuvA,2017-04-28T01:00:00Z
yPQfcG-eimk,HAIM - Want You Back (Official Video),UCW0rqnEt1YiuhM7I28l6L2g,2017-06-22T13:12:29Z
1yx1aV7Av2M,2CELLOS - Game of Thrones [Live at Sydney Opera House],UCyjuFsbclXyntSRMBAILzbw,2017-03-03T14:34:11Z
Way9cIOUs4k,Marília Mendonça – A Gente Não Se Aguenta – DVD Realidade,UCwfEOn0O1DWcyTgzVVu28ig,2017-02-10T18:00:04Z
IvPWEdnpWHU,Marília Mendonça – Sofrendo Por 3 - DVD Realidade,UCwfEOn0O1DWcyTgzVVu28ig,2017-01-27T18:00:37Z
bRWQckbQ9tQ,BUMP OF CHICKEN「アンサー」,UCOfESRUR5duQ2hMnTQ4oqhA,2017-04-07T03:00:02Z
8mBHDHIb-kM,BTS (防弾少年団) &#39;MIC Drop -Japanese ver.-&#39; Official MV,UCl2aT0nRejTCQO_LHZAftBw,2017-12-05T15:00:01Z
cZnBNuqqz5g,"LONDON, ENGLAND Green Day Crowd Singing Bohemian Rhapsody - Hyde Park July 1st, 2017",UCqC_GY2ZiENFz2pwL0cSfAw,2017-07-03T15:46:46Z
ivlDh1YEi6U,Marília Mendonça – Por Mais 3 Horas - DVD Realidade,UCwfEOn0O1DWcyTgzVVu28ig,2017-02-03T18:00:02Z
uqg9VQ0OYrk,Shawn Mendes - Castle On The Hill / Treat You Better (Live At Capitals Summertime Ball),UC4-TgOSMJHn-LtY4zCzbQhw,2017-07-10T04:00:02Z
2atQnvunGCo,shiloh - lofi hip hop mix [LIVE 24/7] Shiloh Dynasty,UCWzZ5TIGoZ6o-KtbGCyhnhg,2017-10-15T16:14:39Z
0NChtZCDCsY,Khalid - American Teen,UCcN-NDV03eHs6oLd1pe2r8w,2017-03-03T15:00:01Z
vn7vfza-6fQ,＜TVアニメ「恋と嘘」OPテーマ＞フレデリック「かなしいうれしい」Music Video  -2nd Full Album「フレデリズム2」2019/2/20 Release-,UCdIGbKA_8trRiOq7eGZ7oSA,2017-08-01T03:00:02Z
_kXE9FHQy9E,Mr.Children「himawari」Music Video,UCXteDRy5qB0IjA8WPusCJ7w,2017-09-09T11:30:02Z
1_zgKRBrT0Y,"Pedro Capó, Farruko - Calma (Remix - Official Video)",UCOvCud7r6XILh0U_Qy1BFDQ,2018-10-05T04:00:00Z
ffxKSjUwKdU,Ariana Grande - no tears left to cry (Official Video),UC0VOyT2OCBKdQhF3BAbZ-1g,2018-04-20T04:00:03Z
gl1aHhXnN1k,"Ariana Grande - thank u, next (Official Video)",UC0VOyT2OCBKdQhF3BAbZ-1g,2018-11-30T19:58:22Z
x3bfa3DZ8JM,Khalid - Better (Official Video),UCcN-NDV03eHs6oLd1pe2r8w,2018-11-09T05:00:03Z
BTtBmo5EbEk,Anuel AA - Ella Quiere Beber (Video Oficial),UC05eluGxsI8_xf5uRC-J26Q,2018-08-15T21:30:00Z
ebG36xtK87A,Marília Mendonça - BEM PIOR QUE EU - (Todos Os Cantos),UCwfEOn0O1DWcyTgzVVu28ig,2018-09-07T14:02:16Z
2WsIm6pNlI4,Marília Mendonça - Estranho (Agora Que São Elas 2),UCwfEOn0O1DWcyTgzVVu28ig,2018-03-23T14:00:47Z
tCXGJQYZ9JA,Taylor Swift - Delicate,UCANLZYMidaCbLQFWXBC95Jg,2018-03-12T01:15:10Z
KbRtA_brCQ0,Marília Mendonça - CIUMEIRA - (Todos Os Cantos)  #Ciumeira,UCwfEOn0O1DWcyTgzVVu28ig,2018-08-24T13:57:59Z
2nH7xAMqD2g,Marília Mendonça - BEBI LIGUEI (TODOS OS CANTOS),UCwfEOn0O1DWcyTgzVVu28ig,2018-12-16T17:59:32Z
5YIK4b7fNeo,Gusttavo Lima - Cem Mil - DVD O Embaixador (Ao Vivo),UCXooz9whNJZBRTHi9AqdjPw,2018-10-26T22:42:37Z
0fHKqwhdNJ8,Marília Mendonça - A Culpa é Dele feat. Maiara e Maraisa (Agora é Que São Elas 2),UCwfEOn0O1DWcyTgzVVu28ig,2018-03-08T14:00:01Z
36tggrpRoTI,Shawn Mendes - In My Blood,UC4-TgOSMJHn-LtY4zCzbQhw,2018-04-24T16:00:01Z
kHLHSlExFis,Ariana Grande - God is a woman (Official Video),UC0VOyT2OCBKdQhF3BAbZ-1g,2018-07-13T16:00:04Z
pgHrRi91-Mk,Gusttavo Lima - Eu Não Iria - DVD O Embaixador (Ao Vivo),UCXooz9whNJZBRTHi9AqdjPw,2018-11-22T12:50:47Z
wje4zcGgSqA,Marília Mendonça - Ausência (Agora Que São Elas 2),UCwfEOn0O1DWcyTgzVVu28ig,2018-03-14T14:00:05Z
v_B3qkp4nO4,George Ezra - Shotgun (Lyric Video),UC9xncyB15xEnnWfgBp8wAeg,2018-05-18T07:00:02Z
ng4MxUWqsR0,Gusttavo Lima - Zé da Recaída,UCXooz9whNJZBRTHi9AqdjPw,2018-08-10T13:56:41Z
snP4I1U7xRs,Gusttavo Lima - Mundo de Ilusões (Clipe Oficial),UCXooz9whNJZBRTHi9AqdjPw,2018-05-11T13:59:24Z
8EFalFXALEA,Pedro Capó - Calma (Official Video),UCOvCud7r6XILh0U_Qy1BFDQ,2018-07-27T04:00:01Z
hdjERtU7lMk,Marília Mendonça feat. Henrique e Juliano - CASA DA MÃE JOANA (TODOS OS CANTOS),UCwfEOn0O1DWcyTgzVVu28ig,2018-09-14T14:01:25Z
xYtsL9znopI,Khalid &amp; Normani - Love Lies (Official Video),UCcN-NDV03eHs6oLd1pe2r8w,2018-02-16T14:00:09Z
OQ59_5ejr24,Marília Mendonça - PASSA MAL (TODOS OS CANTOS),UCwfEOn0O1DWcyTgzVVu28ig,2018-12-09T18:03:48Z
sIaT8Jl2zpI,Lauren Daigle - You Say (Official Music Video),UCPJFvbf8tNE9-_aYgeXfdKA,2018-07-13T17:00:07Z
kN0iD0pI3o0,Ariana Grande - breathin (Official Video),UC0VOyT2OCBKdQhF3BAbZ-1g,2018-11-07T17:00:07Z
tnfbhjbbmu4,Marília Mendonça - BYE BYE - (Todos Os Cantos),UCwfEOn0O1DWcyTgzVVu28ig,2018-10-12T14:00:10Z
2e9diL0xTN4,"Khalid - OTW (Official Video) ft. 6LACK, Ty Dolla $ign",UCcN-NDV03eHs6oLd1pe2r8w,2018-07-03T14:00:00Z
gqYHksX0Z_M,Marília Mendonça - Parece Namoro (Agora Que São Elas 2),UCwfEOn0O1DWcyTgzVVu28ig,2018-03-21T14:00:05Z
czOoOSLVwRI,Marília Mendonça - SEM SAL  (TODOS OS CANTOS),UCwfEOn0O1DWcyTgzVVu28ig,2018-10-26T13:58:30Z
CxnJf0tWu48,BTS (防弾少年団) &#39;Airplane pt.2 -Japanese ver.-&#39; Official MV,UCl2aT0nRejTCQO_LHZAftBw,2018-11-06T15:00:01Z
Kuygwgxvf1c,"Quả Gì, Cả Nhà Thương Nhau - Nhạc Thiếu Nhi Vui Nhộn Hay Nhất",UC6eq3sR4CtbvGdmInchzWUA,2018-10-16T01:26:41Z
IrEFj4zpHgE,Gusttavo Lima - Respeita O Nosso Fim - DVD O Embaixador (Ao Vivo),UCXooz9whNJZBRTHi9AqdjPw,2018-11-01T13:39:51Z
hjf-h6NMj7U,"Khalid - OTW (Audio) ft. 6LACK, Ty Dolla $ign",UCcN-NDV03eHs6oLd1pe2r8w,2018-04-20T04:00:05Z
NcY80SPnvfE,IZA - Ginga (Participação especial Rincon Sapiência),UCWmh948hhrAwDkOfkzNGAaQ,2018-03-23T18:00:30Z
DGzy8FE1Rhk,Shawn Mendes - Nervous,UC4-TgOSMJHn-LtY4zCzbQhw,2018-06-11T16:00:03Z
Bs-Hr-gEJAU,Shawn Mendes - Youth (Lyric Video) ft. Khalid,UC4-TgOSMJHn-LtY4zCzbQhw,2018-05-03T16:00:03Z
SAWzXkV3hHo,"Shawn Mendes, Zedd - Lost In Japan (Original + Remix)",UC4-TgOSMJHn-LtY4zCzbQhw,2018-10-26T02:40:35Z
XOwihbur34E,George Ezra - Paradise (Official Music Video),UC9xncyB15xEnnWfgBp8wAeg,2018-01-24T14:00:03Z
qjD3r5R9ISo,Gusttavo Lima - Mil Vezes Cantarei - DVD O Embaixador (Ao Vivo),UCXooz9whNJZBRTHi9AqdjPw,2018-12-27T12:57:59Z
aKXu4IrBnSM,Gusttavo Lima - Final do Fim - DVD O Embaixador (Ao Vivo),UCXooz9whNJZBRTHi9AqdjPw,2018-11-29T12:59:13Z
KkOF8UiB7u8,Khalid - Better (Audio),UCcN-NDV03eHs6oLd1pe2r8w,2018-09-14T04:00:00Z
jQgrOe93kRQ,Soprano - Zoum feat. Niska (Clip officiel),UCYne4N06sHVhRBXS0Lq5D8g,2018-10-26T14:00:20Z
qUIJ5HFz5Jc,Shawn Mendes - Lost In Japan (Live From The Victoria’s Secret 2018 Fashion Show),UC4-TgOSMJHn-LtY4zCzbQhw,2018-12-03T08:00:11Z
sJUGAIf1Px0,Shawn Mendes - Youth ft. Khalid,UC4-TgOSMJHn-LtY4zCzbQhw,2018-11-05T23:37:56Z
aAiVsqfbn5g,George Ezra - Shotgun (Official Video),UC9xncyB15xEnnWfgBp8wAeg,2018-06-14T07:00:00Z
bnurwH4OSJ8,Kleo Dibah - Traição feat Marília Mendonça - (Álbum Na Varanda),UCwfEOn0O1DWcyTgzVVu28ig,2018-02-01T17:58:46Z
OQitfe8u7i4,Ariana Grande ft. Nicki Minaj - the light is coming (Official Video),UC0VOyT2OCBKdQhF3BAbZ-1g,2018-06-21T16:00:02Z
7Y8K3F1QKlA,Gusttavo Lima - Por Covardia Minha - DVD O Embaixador (Ao Vivo),UCXooz9whNJZBRTHi9AqdjPw,2018-12-15T12:44:22Z
xrcMgO2fgpA,Lewis Capaldi - Someone You Loved (Official Audio),UCp-IaqOaxH7OLYFb9FEHK2A,2018-11-08T17:30:03Z
EIV2B1A0RkY,Marília Mendonça - Coração Mal Assombrado (Agora Que São Elas 2),UCwfEOn0O1DWcyTgzVVu28ig,2018-03-16T14:00:00Z
Pkh8UtuejGw,"Shawn Mendes, Camila Cabello - Señorita",UC4-TgOSMJHn-LtY4zCzbQhw,2019-06-21T03:57:42Z
QYh6mYIJG2Y,Ariana Grande - 7 rings (Official Video),UC0VOyT2OCBKdQhF3BAbZ-1g,2019-01-18T04:57:49Z
MYO4jUFqAhA,Are You Sleeping Brother John song |  동요와 아이 노래 | 어린이 교육,UCiVsuTSKIdhxaWZFAP_1XSQ,2019-03-24T08:04:15Z
LH4Y1ZUUx2g,"Ariana Grande - break up with your girlfriend, i&#39;m bored (Official Video)",UC0VOyT2OCBKdQhF3BAbZ-1g,2019-02-08T04:58:46Z
4j725wScY0E,"GIMS, Maluma - Hola Señorita (Maria) [Official Video]",UClZuKq2m0Qu-HkopkSBLpEw,2019-05-10T16:00:09Z
ILADw1aretk,Marília Mendonça - TODO MUNDO VAI SOFRER (Todos Os Cantos),UCwfEOn0O1DWcyTgzVVu28ig,2019-05-17T22:57:40Z
FuXNumBwDOM,Taylor Swift - ME! (feat. Brendon Urie of Panic! At The Disco),UCANLZYMidaCbLQFWXBC95Jg,2019-04-26T03:58:13Z
7fMttPxpcmg,Marília Mendonça - SUPERA (Todos Os Cantos),UCwfEOn0O1DWcyTgzVVu28ig,2019-09-06T19:01:25Z
ony539T074w,King Gnu - 白日,UCkB8HnJSDSJ2hkLQFUc-YrQ,2019-02-28T09:00:05Z
CnAmeh0-E-U,Jonas Brothers - Sucker (Official Video),UCfyi9QuDWdapI6ICbjYgxtA,2019-03-01T04:58:14Z
zABLecsR5UE,Lewis Capaldi - Someone You Loved,UCp-IaqOaxH7OLYFb9FEHK2A,2019-08-29T17:00:11Z
1eZXuqrq910,Marília Mendonça - APAIXONADINHA feat. Léo Santana e Didá Banda Feminina (Todos Os Cantos),UCwfEOn0O1DWcyTgzVVu28ig,2019-06-28T19:00:10Z
hE2Ira-Cwxo,Khalid - Talk (Official Video),UCcN-NDV03eHs6oLd1pe2r8w,2019-03-11T16:00:06Z
1qKz_QohN7g,Marília Mendonça - INTENÇÃO feat. Gaab  (Todos Os Cantos),UCwfEOn0O1DWcyTgzVVu28ig,2019-10-24T14:00:09Z
Dkk9gvTmCXY,Taylor Swift - You Need To Calm Down,UCANLZYMidaCbLQFWXBC95Jg,2019-06-17T12:13:12Z
5hqK-A0UxKw,"Khalid, Kane Brown - Saturday Nights REMIX (Official Video)",UCcN-NDV03eHs6oLd1pe2r8w,2019-02-20T05:00:02Z
g8VSOYAnbEM,Marília Mendonça - BEBAÇA feat. Maiara e Maraisa,UCwfEOn0O1DWcyTgzVVu28ig,2019-03-15T20:10:29Z
leopt__ATR0,"Ariana Grande, Miley Cyrus, Lana Del Rey - Don’t Call Me Angel (Charlie’s Angels)",UC0VOyT2OCBKdQhF3BAbZ-1g,2019-09-13T04:00:12Z
oTJ-oqwxdZY,Shawn Mendes - If I Can&#39;t Have You,UC4-TgOSMJHn-LtY4zCzbQhw,2019-05-03T03:58:17Z
9SRxBTtspYM,"Ariana Grande, Social House - boyfriend (Official Video)",UC0VOyT2OCBKdQhF3BAbZ-1g,2019-08-02T03:58:16Z
ZXkagTSErdM,Marília Mendonça - OBRIGADO POR ESTRAGAR TUDO (Todos Os Cantos),UCwfEOn0O1DWcyTgzVVu28ig,2019-04-14T19:00:36Z
NeQM1c-XCDc,Rammstein - Deutschland (Official Video),UCYp3rk70ACGXQ4gFAiMr1SQ,2019-03-28T16:58:13Z
noKzDrxHioc,Marília Mendonça - SERENATA (Todos Os Cantos),UCwfEOn0O1DWcyTgzVVu28ig,2019-06-14T19:02:42Z
bCuhuePlP8o,Lewis Capaldi - Someone You Loved,UCp-IaqOaxH7OLYFb9FEHK2A,2019-02-08T14:13:14Z
0J8nAzl2bv4,IZA - Brisa,UCWmh948hhrAwDkOfkzNGAaQ,2019-04-18T14:58:11Z
rbHIDVVTSNA,Khalid - Right Back ft. A Boogie Wit Da Hoodie (Official Video),UCcN-NDV03eHs6oLd1pe2r8w,2019-08-02T14:00:08Z
eaUpme4jalE,BTS &#39;Lights&#39; Official MV,UCl2aT0nRejTCQO_LHZAftBw,2019-07-02T15:00:07Z
s_4Wdj7ajSA,Marília Mendonça - LOVE À QUEIMA ROUPA (Todos Os Cantos),UCwfEOn0O1DWcyTgzVVu28ig,2019-05-09T19:00:53Z
2kO9pNZFq_s,Gusttavo Lima - Carreira Solo - DVD O Embaixador In Cariri (Ao Vivo),UCXooz9whNJZBRTHi9AqdjPw,2019-11-01T14:02:47Z
TXtXUGxWATw,IZA - Meu Talismã,UCWmh948hhrAwDkOfkzNGAaQ,2019-08-23T03:00:11Z
xq866Q7GUlc,"Shawn Mendes, Camila Cabello - Señorita (Lyric Video)",UC4-TgOSMJHn-LtY4zCzbQhw,2019-06-25T18:00:06Z
CwkzK-F0Y00,LiSA 『紅蓮華』 -MUSiC CLiP YouTube EDIT ver.-,UCqEfdEvLG5oQWNYlDQrGlKw,2019-05-31T08:00:00Z
2T9b47ZtwQU,Gloria Groove - Coisa Boa,UCLoL96fSeaLOen3mpDYeqtA,2019-01-10T20:00:39Z
8_JbZvHc92U,Jonas Brothers - Cool (Official Video),UCfyi9QuDWdapI6ICbjYgxtA,2019-04-05T03:58:45Z
vuS8K07NsZI,Gusttavo Lima - Online (Clipe Oficial),UCXooz9whNJZBRTHi9AqdjPw,2019-06-27T19:54:51Z
ZHRXmYdwc1o,Lewis Capaldi - Hold Me While You Wait (Interlude Session),UCp-IaqOaxH7OLYFb9FEHK2A,2019-08-14T16:00:07Z
plNjJKTfat4,Marília Mendonça - ABANDONO DE INCAPAZ  (Todos Os Cantos),UCwfEOn0O1DWcyTgzVVu28ig,2019-10-18T14:03:04Z
ckvH8KD_ovc,Marília Mendonça - AMIGO EMPRESTADO (TODOS OS CANTOS),UCwfEOn0O1DWcyTgzVVu28ig,2019-02-24T18:57:45Z
MSv7NbfbtU8,King Gnu - 飛行艇,UCkB8HnJSDSJ2hkLQFUc-YrQ,2019-08-22T09:00:04Z
bqOfdv9i4sE,ME! (feat. Brendon Urie of Panic! At The Disco) (Live From The Billboard Music Awards /...,UCANLZYMidaCbLQFWXBC95Jg,2019-05-02T05:32:27Z
QwtRXG1QpR4,Lewis Capaldi - Bruises (Official Video),UCp-IaqOaxH7OLYFb9FEHK2A,2019-10-18T12:00:11Z
xAxNaLAR2to,"Madonna, Maluma - Medellín",UCmQmc-Y4N9btVMUS1BfnyDw,2019-04-24T20:30:01Z
M84fFXooS5w,Ariana Grande - 7 rings (Audio),UC0VOyT2OCBKdQhF3BAbZ-1g,2019-01-18T05:00:02Z
QpljgJPFWl8,Lewis Capaldi - Before You Go (Lyric Video),UCp-IaqOaxH7OLYFb9FEHK2A,2019-11-25T12:19:14Z
n1OVzNg9n1E,Gusttavo Lima - Eu Vou Pra Igreja - DVD O Embaixador In Cariri (Ao Vivo),UCXooz9whNJZBRTHi9AqdjPw,2019-10-17T14:02:23Z
SVY8I46dkb0,Taylor Swift - Live at the 2019 American Music Awards,UCANLZYMidaCbLQFWXBC95Jg,2019-11-27T04:39:20Z
kBNt8hYvn8A,Jonas Brothers - Only Human (Official Video),UCfyi9QuDWdapI6ICbjYgxtA,2019-08-13T16:58:15Z
Y1QZOprK7PQ,Khalid - Talk (Official Audio),UCcN-NDV03eHs6oLd1pe2r8w,2019-02-07T17:00:08Z
LfnzCsEzNSk,"Jealous, Cake By The Ocean, Sucker Medley (Live From The Billboard Music Awards)",UCfyi9QuDWdapI6ICbjYgxtA,2019-05-02T06:13:33Z
3n9rDwpa6QA,TWICE「HAPPY HAPPY」Music Video,UCCRb6nYKaT8tzLA8CwDdUtw,2019-06-11T15:00:00Z
5qap5aO4i9A,lofi hip hop radio - beats to relax/study to,UCSJ4gkVC6NrvII8umztf0Ow,2020-02-22T19:51:37Z
CKtHg1jBREY,Marília Mendonça - GRAVETO  (Todos Os Cantos),UCwfEOn0O1DWcyTgzVVu28ig,2020-01-10T14:00:50Z
Jtauh8GcxBY,Lewis Capaldi - Before You Go (Official Video),UCp-IaqOaxH7OLYFb9FEHK2A,2020-01-24T18:00:11Z
pE49WK-oNjU,Ariana Grande &amp; Justin Bieber - Stuck with U,UC0VOyT2OCBKdQhF3BAbZ-1g,2020-05-08T04:00:09Z
tcYodQoapMg,Ariana Grande - positions (official video),UC0VOyT2OCBKdQhF3BAbZ-1g,2020-10-23T04:00:10Z
JiuYnJYKLus,Marília Mendonça &amp; Maiara e Maraisa - Quero Você Do Jeito Que Quiser (Official Music Video),UCwfEOn0O1DWcyTgzVVu28ig,2020-07-10T14:00:11Z
lxcpH6kvnmg,Marília Mendonça &amp; Maiara e Maraisa - Coração Bandido (Official Music Video),UCwfEOn0O1DWcyTgzVVu28ig,2020-07-14T14:00:12Z
HrpBSGaM_tc,Gusttavo Lima - Saudade Sua (Clipe Oficial),UCXooz9whNJZBRTHi9AqdjPw,2020-05-15T14:00:02Z
ZujP5qjviLc,Gusttavo Lima - De Menina Pra Mulher (O Embaixador The Legacy),UCXooz9whNJZBRTHi9AqdjPw,2020-09-18T14:00:02Z
mFsHA1WDm0g,Gusttavo Lima - Café e Amor (O Embaixador The Legacy),UCXooz9whNJZBRTHi9AqdjPw,2020-10-09T14:00:02Z
XejVB_fba04,Jonas Brothers - What A Man Gotta Do (Official Video),UCfyi9QuDWdapI6ICbjYgxtA,2020-01-17T05:00:11Z
6i4zcAO5DoM,Marília Mendonça - VIRA HOMEM (Todos Os Cantos),UCwfEOn0O1DWcyTgzVVu28ig,2020-05-01T14:00:10Z
4DxL6IKmXx4,LiSA 『炎』 -MUSiC CLiP-,UCqEfdEvLG5oQWNYlDQrGlKw,2020-10-13T03:00:07Z
K-a8s8OLBSE,Taylor Swift - cardigan (Official Music Video),UCANLZYMidaCbLQFWXBC95Jg,2020-07-24T04:00:09Z
E4sYQwI45A4,Marília Mendonça - TENTATIVAS  (Todos Os Cantos),UCwfEOn0O1DWcyTgzVVu28ig,2020-02-14T14:00:04Z
91vECNhvmMY,Maluma &amp; The Weeknd - Hawái Remix (Official Video),UClZuKq2m0Qu-HkopkSBLpEw,2020-11-05T17:00:02Z
s-aScZtOfbM,Live Marília Mendonça - #LiveLocalMariliaMendonca,UCwfEOn0O1DWcyTgzVVu28ig,2020-04-09T03:01:05Z
AqAJLh9wuZ0,Taylor Swift - The Man (Official Video),UCANLZYMidaCbLQFWXBC95Jg,2020-02-27T12:00:11Z
fHeQemJJQII,Shawn Mendes - Wonder,UC4-TgOSMJHn-LtY4zCzbQhw,2020-10-02T04:00:11Z
DWcJFNfaw9c,lofi hip hop radio - beats to sleep/chill to,UCSJ4gkVC6NrvII8umztf0Ow,2020-02-25T19:00:14Z
B6_iQvaIjXw,Ariana Grande - 34+35 (official video),UC0VOyT2OCBKdQhF3BAbZ-1g,2020-11-17T17:00:03Z
kRT174IdxuM,TWICE 「Fanfare」Music Video,UCCRb6nYKaT8tzLA8CwDdUtw,2020-06-18T15:00:23Z
MPbUaIZAaeA,"Shawn Mendes, Justin Bieber - Monster",UC4-TgOSMJHn-LtY4zCzbQhw,2020-11-20T05:00:11Z
XPUN-w543bc,King Gnu - Teenager Forever,UCkB8HnJSDSJ2hkLQFUc-YrQ,2020-01-09T09:00:09Z
J6-IaSJLNOA,三浦春馬「Night Diver」Music Video,UCdIGbKA_8trRiOq7eGZ7oSA,2020-07-24T13:00:05Z
osdoLjUNFnA,Taylor Swift – exile (feat. Bon Iver) (Official Lyric Video),UCANLZYMidaCbLQFWXBC95Jg,2020-07-24T04:00:21Z
_XF7jhSPo-Q,Gusttavo Lima – Milu – DVD O Embaixador In Cariri (Ao Vivo),UCXooz9whNJZBRTHi9AqdjPw,2020-01-23T14:00:09Z
_T5m-rggO8o,Marília Mendonça &amp; Maiara e Maraisa - Você nem é tudo isso (Official Music Video),UCwfEOn0O1DWcyTgzVVu28ig,2020-08-07T14:00:10Z
cAQXfZDXPek,Marília Mendonça &amp; Maiara e Maraisa - Uma vida a mais  (Official Music Video),UCwfEOn0O1DWcyTgzVVu28ig,2020-09-04T14:00:09Z
9hGdmEwBwbg,Jonas Brothers - X ft. KAROL G,UCfyi9QuDWdapI6ICbjYgxtA,2020-05-18T21:00:10Z
hvzDXIrkHOo,Gusttavo Lima - Tudo Que Eu Queria (O Embaixador The Legacy),UCXooz9whNJZBRTHi9AqdjPw,2020-10-23T14:00:07Z
NutHKRKBgR0,Katy Perry - Daisies,UC-8Q-hLdECwQmaWNwXitYDw,2020-05-15T04:00:10Z
mkw3jkXHjEc,Live Marília Mendonça - #TodosOsCantosDeCasa,UCwfEOn0O1DWcyTgzVVu28ig,2020-05-10T06:03:07Z
gc0_Acq8dV4,King Gnu - どろん,UCkB8HnJSDSJ2hkLQFUc-YrQ,2020-02-14T10:00:13Z
o33tppGO9CU,Pedro Capó - Buena Suerte (Official Video),UCOvCud7r6XILh0U_Qy1BFDQ,2020-02-12T23:00:10Z
DRyQKYkyfU0,"Besharam Bewaffa Song: Divya K, Gautam G, Siddarth G | B Praak, Jaani |Radhika, Vinay| Bhushan Kumar",UCq-Fj5jknLsUf-MWSy4_brA,2020-11-30T05:30:22Z
PJYpZ4hkXJE,One Direction - Story of My Life (Official 4K Video),UCbW18JZRgko_mOGm5er8Yzg,2020-07-25T18:00:05Z
8qFBUUN9N34,Katy Perry - Tucked (The Smile Video Series),UC-8Q-hLdECwQmaWNwXitYDw,2020-08-29T15:00:03Z
nQJEp-k-ogs,Ariana Grande - pov (audio),UC0VOyT2OCBKdQhF3BAbZ-1g,2020-10-30T04:00:15Z
31tClDsYJKY,One Direction - 10 Years of One Direction,UCbW18JZRgko_mOGm5er8Yzg,2020-07-23T15:00:08Z
nn_0zPAfyo8,Taylor Swift – august (Official Lyric Video),UCANLZYMidaCbLQFWXBC95Jg,2020-07-24T04:00:15Z
S3IQwuYX_ls,One Direction - What Makes You Beautiful (Official 4K Video),UCbW18JZRgko_mOGm5er8Yzg,2020-07-23T18:00:04Z
hmEhrAXPcZU,Gusttavo Lima – Se Tem Briga Tem Amor - DVD O Embaixador In Cariri (Ao Vivo),UCXooz9whNJZBRTHi9AqdjPw,2020-01-16T14:00:09Z
cwNahztdyHA,80&#39;s70&#39;s90&#39;s_सदाबहार_पुराने_गाने_💖💖💖अलका_याग्निक_उदित_नारायण_लता_मंगेशकर_कुमार_सानू(360p).mp4,UCET3UI20kIcYj5IpUJBUdOw,2020-01-12T01:56:57Z
cnyCcF20pRo,Ariana Grande - 34+35 (lyric video),UC0VOyT2OCBKdQhF3BAbZ-1g,2020-10-30T04:00:05Z
Vm7ZGoz3dE0,Marília Mendonça &amp; Maiara e Maraisa - Dez Corações (Official Music Video),UCwfEOn0O1DWcyTgzVVu28ig,2020-07-26T14:00:11Z
U3v4kVYFlGg,Marília Mendonça &amp; Maiara e Maraisa - Nada Mudou (Official Music Video),UCwfEOn0O1DWcyTgzVVu28ig,2020-08-23T14:00:13Z
1NwQbSY9eqc,Gusttavo Lima - Espetinho (O Embaixador The Legacy),UCXooz9whNJZBRTHi9AqdjPw,2020-11-20T14:00:01Z
H9OCyYPQ7J8,Ludmilla - Cobra Venenosa feat. DJ Will 22 (Official Music Video),UCSCB1IQUmNa8Gn5VfSUAUpg,2020-07-03T15:00:09Z
M-j159LFwGw,"Khalid, Disclosure - Know Your Worth (Official Audio)",UCcN-NDV03eHs6oLd1pe2r8w,2020-02-04T17:00:08Z
